location,sex,age,cause,metric,year,val,upper,lower
Peru,Male,Under 5,All causes,Number,2011,8469.08151,9494.18728,7551.880809
Peru,Female,Under 5,All causes,Number,2011,6350.578752,7080.008286,5705.079113
Peru,Both,Under 5,All causes,Number,2011,14819.66026,16566.19666,13332.82267
Peru,Male,Early Neonatal,All causes,Number,2011,3545.543477,4213.203716,2963.3362
Peru,Female,Early Neonatal,All causes,Number,2011,2449.525017,2935.661185,2024.200541
Peru,Both,Early Neonatal,All causes,Number,2011,5995.068495,7133.355705,5011.693677
Peru,Male,Late Neonatal,All causes,Number,2011,570.252818,710.3676549,448.4750754
Peru,Female,Late Neonatal,All causes,Number,2011,795.2921161,1002.673912,620.3906161
Peru,Both,Late Neonatal,All causes,Number,2011,1365.544934,1670.481182,1135.96651
Peru,Male,Post Neonatal,All causes,Number,2011,2806.399396,3358.246393,2321.910663
Peru,Female,Post Neonatal,All causes,Number,2011,2095.206525,2485.201742,1747.359865
Peru,Both,Post Neonatal,All causes,Number,2011,4901.605922,5830.486524,4081.931816
Peru,Male,1 to 4,All causes,Number,2011,1546.885818,1927.527557,1226.631743
Peru,Female,1 to 4,All causes,Number,2011,1010.555094,1266.180812,796.8706506
Peru,Both,1 to 4,All causes,Number,2011,2557.440912,3195.482355,2025.089765
Peru,Male,5 to 9,All causes,Number,2011,807.2181331,876.2664334,741.8463166
Peru,Female,5 to 9,All causes,Number,2011,567.2310462,612.5936009,525.7692555
Peru,Both,5 to 9,All causes,Number,2011,1374.449179,1486.922837,1267.758199
Peru,Male,10 to 14,All causes,Number,2011,649.0577586,690.8628921,610.4363077
Peru,Female,10 to 14,All causes,Number,2011,525.4757561,557.3123988,493.6070122
Peru,Both,10 to 14,All causes,Number,2011,1174.533515,1239.842737,1114.179822
Peru,Male,15 to 19,All causes,Number,2011,1172.231853,1281.994104,1064.306466
Peru,Female,15 to 19,All causes,Number,2011,731.0583412,791.1610737,671.8703148
Peru,Both,15 to 19,All causes,Number,2011,1903.290195,2025.788908,1776.36284
Peru,Male,20 to 24,All causes,Number,2011,1697.100253,1858.011664,1540.543009
Peru,Female,20 to 24,All causes,Number,2011,808.1111611,882.4747576,735.691191
Peru,Both,20 to 24,All causes,Number,2011,2505.211414,2677.787122,2328.635919
Peru,Male,25 to 29,All causes,Number,2011,1890.364342,2056.860265,1726.149222
Peru,Female,25 to 29,All causes,Number,2011,850.499674,934.6815238,770.8836267
Peru,Both,25 to 29,All causes,Number,2011,2740.864016,2919.475266,2552.259595
Peru,Male,30 to 34,All causes,Number,2011,1923.469399,2095.091704,1754.493148
Peru,Female,30 to 34,All causes,Number,2011,1045.361651,1151.051672,947.6655636
Peru,Both,30 to 34,All causes,Number,2011,2968.831051,3159.795022,2766.449935
Peru,Male,35 to 39,All causes,Number,2011,2076.590186,2281.245839,1875.807115
Peru,Female,35 to 39,All causes,Number,2011,1268.936606,1418.525468,1139.27815
Peru,Both,35 to 39,All causes,Number,2011,3345.526792,3577.918284,3094.982437
Peru,Male,40 to 44,All causes,Number,2011,2290.956889,2525.484127,2062.032165
Peru,Female,40 to 44,All causes,Number,2011,1603.318407,1779.18989,1449.866664
Peru,Both,40 to 44,All causes,Number,2011,3894.275296,4163.117118,3600.913848
Peru,Male,45 to 49,All causes,Number,2011,2613.355305,2885.480256,2348.513726
Peru,Female,45 to 49,All causes,Number,2011,1969.031864,2169.737167,1792.75028
Peru,Both,45 to 49,All causes,Number,2011,4582.387169,4892.895203,4244.573897
Peru,Male,50 to 54,All causes,Number,2011,3124.368042,3442.561542,2814.29201
Peru,Female,50 to 54,All causes,Number,2011,2532.906074,2778.694178,2316.04708
Peru,Both,50 to 54,All causes,Number,2011,5657.274116,6025.430362,5253.724012
Peru,Male,55 to 59,All causes,Number,2011,3687.636342,4043.959248,3338.690485
Peru,Female,55 to 59,All causes,Number,2011,2972.511721,3254.324406,2723.297866
Peru,Both,55 to 59,All causes,Number,2011,6660.148063,7079.180675,6204.190982
Peru,Male,60 to 64,All causes,Number,2011,4349.265514,4738.065202,3965.158155
Peru,Female,60 to 64,All causes,Number,2011,3565.353768,3892.84843,3274.772285
Peru,Both,60 to 64,All causes,Number,2011,7914.619282,8384.93118,7406.594673
Peru,Male,65 to 69,All causes,Number,2011,5262.113318,5723.703691,4804.842529
Peru,Female,65 to 69,All causes,Number,2011,4187.605281,4580.795469,3839.152078
Peru,Both,65 to 69,All causes,Number,2011,9449.718599,10010.78166,8844.024943
Peru,Male,70 to 74,All causes,Number,2011,6392.537648,6952.750006,5837.238239
Peru,Female,70 to 74,All causes,Number,2011,5291.067479,5803.74526,4837.90659
Peru,Both,70 to 74,All causes,Number,2011,11683.60513,12386.04164,10929.32905
Peru,Male,75 to 79,All causes,Number,2011,7740.04973,8400.557549,7084.672887
Peru,Female,75 to 79,All causes,Number,2011,6488.254634,7104.621053,5944.289466
Peru,Both,75 to 79,All causes,Number,2011,14228.30436,15063.38913,13331.57372
Peru,Male,80 plus,All causes,Number,2011,20296.22886,21597.36186,18989.42221
Peru,Female,80 plus,All causes,Number,2011,22016.23006,23567.0771,20614.57589
Peru,Both,80 plus,All causes,Number,2011,42312.45892,44189.97286,40342.45708
Peru,Male,All Ages,All causes,Number,2011,74441.62508,79864.80162,69089.30063
Peru,Female,All Ages,All causes,Number,2011,62773.53227,67474.66884,58218.18807
Peru,Both,All Ages,All causes,Number,2011,137215.1574,144063.1267,129939.6003
Peru,Male,5-14 years,All causes,Number,2011,1456.275892,1564.386916,1358.470462
Peru,Female,5-14 years,All causes,Number,2011,1092.706802,1163.385376,1027.146985
Peru,Both,5-14 years,All causes,Number,2011,2548.982694,2717.313783,2388.773802
Peru,Male,15-49 years,All causes,Number,2011,13664.06823,14979.89678,12380.22243
Peru,Female,15-49 years,All causes,Number,2011,8276.317705,9128.134876,7509.817006
Peru,Both,15-49 years,All causes,Number,2011,21940.38593,23422.96251,20384.60394
Peru,Male,50-69 years,All causes,Number,2011,16423.38322,17948.28968,14922.98318
Peru,Female,50-69 years,All causes,Number,2011,13258.37684,14506.66248,12153.26931
Peru,Both,50-69 years,All causes,Number,2011,29681.76006,31502.60498,27708.53461
Peru,Male,70+ years,All causes,Number,2011,34428.81624,36962.2735,31906.91074
Peru,Female,70+ years,All causes,Number,2011,33795.55217,36477.40558,31406.38401
Peru,Both,70+ years,All causes,Number,2011,68224.36841,71641.8443,64621.62455
Peru,Male,<1 year,All causes,Number,2011,6922.195692,7856.274212,6133.425101
Peru,Female,<1 year,All causes,Number,2011,5340.023658,6021.714229,4750.012881
Peru,Both,<1 year,All causes,Number,2011,12262.21935,13848.78017,10861.37795
Peru,Male,80 to 84,All causes,Number,2011,8055.930042,8656.956099,7458.219521
Peru,Female,80 to 84,All causes,Number,2011,7666.737433,8301.630243,7101.771603
Peru,Both,80 to 84,All causes,Number,2011,15722.66748,16530.21814,14870.30846
Peru,Male,85 to 89,All causes,Number,2011,6620.932609,7039.64671,6197.672618
Peru,Female,85 to 89,All causes,Number,2011,6963.885734,7456.790756,6515.287778
Peru,Both,85 to 89,All causes,Number,2011,13584.81834,14191.20889,12952.68286
Peru,Male,90 to 94,All causes,Number,2011,3722.19176,3910.725302,3528.87033
Peru,Female,90 to 94,All causes,Number,2011,4777.028983,5056.60864,4522.438842
Peru,Both,90 to 94,All causes,Number,2011,8499.220742,8814.42825,8174.296167
Peru,Male,<20 years,All causes,Number,2011,11097.58926,12239.09798,10070.6994
Peru,Female,<20 years,All causes,Number,2011,8174.343896,8980.645873,7449.82967
Peru,Both,<20 years,All causes,Number,2011,19271.93315,21194.17333,17569.78741
Peru,Male,10 to 24,All causes,Number,2011,3518.389865,3818.492691,3222.360329
Peru,Female,10 to 24,All causes,Number,2011,2064.645258,2227.888483,1902.868376
Peru,Both,10 to 24,All causes,Number,2011,5583.035123,5912.702682,5236.855929
Peru,Male,10 to 54,All causes,Number,2011,17437.49403,19099.46205,15818.47343
Peru,Female,10 to 54,All causes,Number,2011,11334.69954,12453.55978,10316.9133
Peru,Both,10 to 54,All causes,Number,2011,28772.19356,30645.88444,26785.74757
Peru,Male,95 plus,All causes,Number,2011,1897.174449,1986.235472,1804.817771
Peru,Female,95 plus,All causes,Number,2011,2608.577909,2748.475698,2478.184922
Peru,Both,95 plus,All causes,Number,2011,4505.752358,4661.141445,4341.12345
Peru,Male,<70 years,All causes,Number,2011,40012.80885,43094.58979,37027.88766
Peru,Female,<70 years,All causes,Number,2011,28977.9801,31080.88171,26830.38105
Peru,Both,<70 years,All causes,Number,2011,68990.78895,72862.3914,65101.43634
Peru,Male,Under 5,All causes,Number,2010,8775.544325,9781.241099,7853.466557
Peru,Female,Under 5,All causes,Number,2010,6480.065236,7209.425436,5792.335747
Peru,Both,Under 5,All causes,Number,2010,15255.60956,16966.73341,13662.14694
Peru,Male,Early Neonatal,All causes,Number,2010,3728.653909,4308.444596,3204.235086
Peru,Female,Early Neonatal,All causes,Number,2010,2420.563062,2838.98971,2041.154098
Peru,Both,Early Neonatal,All causes,Number,2010,6149.216971,7126.960914,5262.362131
Peru,Male,Late Neonatal,All causes,Number,2010,600.5856034,756.1218003,474.5567944
Peru,Female,Late Neonatal,All causes,Number,2010,728.8959579,907.4807763,581.5159055
Peru,Both,Late Neonatal,All causes,Number,2010,1329.481561,1581.198771,1104.979699
Peru,Male,Post Neonatal,All causes,Number,2010,2922.173653,3432.488286,2455.343226
Peru,Female,Post Neonatal,All causes,Number,2010,2135.080693,2499.245738,1792.819987
Peru,Both,Post Neonatal,All causes,Number,2010,5057.254346,5922.609295,4318.988192
Peru,Male,1 to 4,All causes,Number,2010,1524.131159,1900.634408,1215.480934
Peru,Female,1 to 4,All causes,Number,2010,1195.525524,1480.184795,958.8923394
Peru,Both,1 to 4,All causes,Number,2010,2719.656683,3389.803352,2185.63525
Peru,Male,5 to 9,All causes,Number,2010,789.7406912,854.2279505,729.2458027
Peru,Female,5 to 9,All causes,Number,2010,564.9099414,606.5061147,522.2464581
Peru,Both,5 to 9,All causes,Number,2010,1354.650633,1462.379794,1253.77181
Peru,Male,10 to 14,All causes,Number,2010,680.4787292,718.6152416,638.1040876
Peru,Female,10 to 14,All causes,Number,2010,522.1013511,553.2301976,490.0470578
Peru,Both,10 to 14,All causes,Number,2010,1202.58008,1264.539682,1140.581397
Peru,Male,15 to 19,All causes,Number,2010,1175.84598,1285.569825,1073.546157
Peru,Female,15 to 19,All causes,Number,2010,756.8536255,821.3579158,694.322517
Peru,Both,15 to 19,All causes,Number,2010,1932.699605,2059.490914,1812.495052
Peru,Male,20 to 24,All causes,Number,2010,1728.064509,1894.670426,1575.833993
Peru,Female,20 to 24,All causes,Number,2010,858.5373073,939.3850606,780.0748354
Peru,Both,20 to 24,All causes,Number,2010,2586.601816,2762.814735,2417.09986
Peru,Male,25 to 29,All causes,Number,2010,1948.738141,2126.141093,1785.983586
Peru,Female,25 to 29,All causes,Number,2010,888.420929,979.0334238,801.6994299
Peru,Both,25 to 29,All causes,Number,2010,2837.15907,3023.376949,2653.733114
Peru,Male,30 to 34,All causes,Number,2010,1990.015537,2173.806489,1821.539632
Peru,Female,30 to 34,All causes,Number,2010,1021.176157,1126.253192,920.1079012
Peru,Both,30 to 34,All causes,Number,2010,3011.191695,3206.193412,2815.898519
Peru,Male,35 to 39,All causes,Number,2010,2103.463732,2319.534445,1906.295013
Peru,Female,35 to 39,All causes,Number,2010,1347.867314,1505.506793,1201.106591
Peru,Both,35 to 39,All causes,Number,2010,3451.331046,3709.390607,3207.554995
Peru,Male,40 to 44,All causes,Number,2010,2329.168471,2577.319092,2103.343654
Peru,Female,40 to 44,All causes,Number,2010,1619.143242,1795.079832,1454.111685
Peru,Both,40 to 44,All causes,Number,2010,3948.311713,4239.750128,3671.065004
Peru,Male,45 to 49,All causes,Number,2010,2726.429026,3022.066475,2457.680934
Peru,Female,45 to 49,All causes,Number,2010,2006.711839,2209.024429,1815.553756
Peru,Both,45 to 49,All causes,Number,2010,4733.140864,5073.47665,4406.596455
Peru,Male,50 to 54,All causes,Number,2010,3173.072562,3509.510676,2866.573537
Peru,Female,50 to 54,All causes,Number,2010,2546.701441,2790.872585,2314.89863
Peru,Both,50 to 54,All causes,Number,2010,5719.774003,6120.892337,5337.739985
Peru,Male,55 to 59,All causes,Number,2010,3655.968294,4023.601539,3319.524026
Peru,Female,55 to 59,All causes,Number,2010,3013.609388,3295.786325,2745.224245
Peru,Both,55 to 59,All causes,Number,2010,6669.577682,7123.312429,6241.478789
Peru,Male,60 to 64,All causes,Number,2010,4445.950299,4859.861015,4064.834853
Peru,Female,60 to 64,All causes,Number,2010,3564.99176,3888.794927,3256.895153
Peru,Both,60 to 64,All causes,Number,2010,8010.942059,8528.727331,7524.184567
Peru,Male,65 to 69,All causes,Number,2010,5176.269245,5649.481661,4739.69001
Peru,Female,65 to 69,All causes,Number,2010,4179.572263,4567.641,3810.762009
Peru,Both,65 to 69,All causes,Number,2010,9355.841508,9955.047698,8787.76809
Peru,Male,70 to 74,All causes,Number,2010,6425.496788,7010.869741,5884.702717
Peru,Female,70 to 74,All causes,Number,2010,5347.116417,5858.646601,4861.533187
Peru,Both,70 to 74,All causes,Number,2010,11772.61321,12520.43161,11049.43878
Peru,Male,75 to 79,All causes,Number,2010,7714.905178,8398.945043,7081.155188
Peru,Female,75 to 79,All causes,Number,2010,6654.104783,7276.813015,6061.971971
Peru,Both,75 to 79,All causes,Number,2010,14369.00996,15263.42895,13506.63806
Peru,Male,80 plus,All causes,Number,2010,19585.29672,20876.64803,18375.56743
Peru,Female,80 plus,All causes,Number,2010,21371.49757,22859.1486,19944.40437
Peru,Both,80 plus,All causes,Number,2010,40956.7943,42843.675,39087.69948
Peru,Male,All Ages,All causes,Number,2010,74424.44823,79686.78418,69333.03224
Peru,Female,All Ages,All causes,Number,2010,62743.38057,67499.53086,58105.6248
Peru,Both,All Ages,All causes,Number,2010,137167.8288,144446.1509,130270.3495
Peru,Male,5-14 years,All causes,Number,2010,1470.21942,1568.659477,1372.433112
Peru,Female,5-14 years,All causes,Number,2010,1087.011292,1155.638067,1021.905215
Peru,Both,5-14 years,All causes,Number,2010,2557.230713,2714.097437,2400.886626
Peru,Male,15-49 years,All causes,Number,2010,14001.7254,15399.14321,12725.6502
Peru,Female,15-49 years,All causes,Number,2010,8498.710414,9390.104141,7657.942828
Peru,Both,15-49 years,All causes,Number,2010,22500.43581,24040.58765,20965.82027
Peru,Male,50-69 years,All causes,Number,2010,16451.2604,18042.45489,14990.62243
Peru,Female,50-69 years,All causes,Number,2010,13304.87485,14543.09484,12127.78004
Peru,Both,50-69 years,All causes,Number,2010,29756.13525,31738.13092,27890.93406
Peru,Male,70+ years,All causes,Number,2010,33725.69869,36286.98223,31336.01056
Peru,Female,70+ years,All causes,Number,2010,33372.71877,35989.71471,30869.79039
Peru,Both,70+ years,All causes,Number,2010,67098.41747,70605.81212,63641.55526
Peru,Male,<1 year,All causes,Number,2010,7251.413166,8112.832049,6468.109159
Peru,Female,<1 year,All causes,Number,2010,5284.539712,5917.852819,4697.189971
Peru,Both,<1 year,All causes,Number,2010,12535.95288,13998.37549,11177.11621
Peru,Male,80 to 84,All causes,Number,2010,7823.28532,8421.472826,7264.848172
Peru,Female,80 to 84,All causes,Number,2010,7484.061073,8093.601841,6900.439285
Peru,Both,80 to 84,All causes,Number,2010,15307.34639,16127.50583,14501.34998
Peru,Male,85 to 89,All causes,Number,2010,6385.547447,6800.870633,5996.71489
Peru,Female,85 to 89,All causes,Number,2010,6825.251102,7305.059487,6368.443576
Peru,Both,85 to 89,All causes,Number,2010,13210.79855,13818.08592,12609.14172
Peru,Male,90 to 94,All causes,Number,2010,3586.088184,3775.584663,3406.781285
Peru,Female,90 to 94,All causes,Number,2010,4618.567464,4887.166159,4361.241746
Peru,Both,90 to 94,All causes,Number,2010,8204.655648,8521.837986,7885.972955
Peru,Male,<20 years,All causes,Number,2010,11421.60973,12525.64694,10402.81702
Peru,Female,<20 years,All causes,Number,2010,8323.930154,9131.668861,7568.305319
Peru,Both,<20 years,All causes,Number,2010,19745.53988,21609.81153,17962.0871
Peru,Male,10 to 24,All causes,Number,2010,3584.389218,3880.38247,3305.982896
Peru,Female,10 to 24,All causes,Number,2010,2137.492284,2310.89987,1968.769375
Peru,Both,10 to 24,All causes,Number,2010,5721.881502,6070.545049,5382.506014
Peru,Male,10 to 54,All causes,Number,2010,17855.27669,19608.98229,16264.46192
Peru,Female,10 to 54,All causes,Number,2010,11567.51321,12732.97664,10464.11519
Peru,Both,10 to 54,All causes,Number,2010,29422.78989,31374.65296,27482.92706
Peru,Male,95 plus,All causes,Number,2010,1790.375774,1877.566331,1706.886031
Peru,Female,95 plus,All causes,Number,2010,2443.617934,2573.321113,2314.397013
Peru,Both,95 plus,All causes,Number,2010,4233.993709,4386.987547,4080.085908
Peru,Male,<70 years,All causes,Number,2010,40698.74954,43573.47872,37827.1256
Peru,Female,<70 years,All causes,Number,2010,29370.66179,31603.80436,27139.51885
Peru,Both,<70 years,All causes,Number,2010,70069.41134,73980.32889,66258.4113
Peru,Male,Under 5,All causes,Number,2009,8983.471167,10062.48945,8115.876523
Peru,Female,Under 5,All causes,Number,2009,6637.178606,7381.178659,5986.452434
Peru,Both,Under 5,All causes,Number,2009,15620.64977,17443.52559,14124.73547
Peru,Male,Early Neonatal,All causes,Number,2009,3536.923807,4055.254516,3054.169004
Peru,Female,Early Neonatal,All causes,Number,2009,2335.539269,2661.669125,2047.950611
Peru,Both,Early Neonatal,All causes,Number,2009,5872.463076,6693.964659,5135.447824
Peru,Male,Late Neonatal,All causes,Number,2009,626.4942859,771.1124581,500.1559859
Peru,Female,Late Neonatal,All causes,Number,2009,698.2595551,843.5810018,581.3500772
Peru,Both,Late Neonatal,All causes,Number,2009,1324.753841,1552.598629,1130.17831
Peru,Male,Post Neonatal,All causes,Number,2009,3187.221112,3736.88851,2714.067115
Peru,Female,Post Neonatal,All causes,Number,2009,2240.795497,2640.468058,1884.116982
Peru,Both,Post Neonatal,All causes,Number,2009,5428.016608,6377.161415,4602.688096
Peru,Male,1 to 4,All causes,Number,2009,1632.831963,1997.109042,1316.41281
Peru,Female,1 to 4,All causes,Number,2009,1362.584285,1663.056707,1100.895686
Peru,Both,1 to 4,All causes,Number,2009,2995.416248,3648.713702,2419.128074
Peru,Male,5 to 9,All causes,Number,2009,775.3369587,838.3638991,718.8045823
Peru,Female,5 to 9,All causes,Number,2009,545.0846432,588.6900236,507.7322754
Peru,Both,5 to 9,All causes,Number,2009,1320.421602,1429.274847,1227.62237
Peru,Male,10 to 14,All causes,Number,2009,722.424472,764.2276249,682.9379038
Peru,Female,10 to 14,All causes,Number,2009,515.333102,546.8135422,483.1295541
Peru,Both,10 to 14,All causes,Number,2009,1237.757574,1302.618058,1178.150488
Peru,Male,15 to 19,All causes,Number,2009,1178.59711,1281.431151,1080.894877
Peru,Female,15 to 19,All causes,Number,2009,778.2581924,840.5967666,715.90015
Peru,Both,15 to 19,All causes,Number,2009,1956.855302,2077.404697,1842.572462
Peru,Male,20 to 24,All causes,Number,2009,1748.98516,1898.095684,1603.592708
Peru,Female,20 to 24,All causes,Number,2009,887.4755765,965.6731551,809.7359249
Peru,Both,20 to 24,All causes,Number,2009,2636.460736,2804.432183,2467.260847
Peru,Male,25 to 29,All causes,Number,2009,1938.608498,2094.561976,1784.440011
Peru,Female,25 to 29,All causes,Number,2009,899.6851278,983.9440999,817.2148399
Peru,Both,25 to 29,All causes,Number,2009,2838.293626,3014.709229,2661.752304
Peru,Male,30 to 34,All causes,Number,2009,2003.163118,2167.271793,1841.160054
Peru,Female,30 to 34,All causes,Number,2009,1026.690204,1123.982622,931.5718625
Peru,Both,30 to 34,All causes,Number,2009,3029.853322,3219.924325,2838.021575
Peru,Male,35 to 39,All causes,Number,2009,2116.076176,2307.428901,1930.623003
Peru,Female,35 to 39,All causes,Number,2009,1339.251654,1485.153174,1197.862267
Peru,Both,35 to 39,All causes,Number,2009,3455.32783,3696.314927,3218.502933
Peru,Male,40 to 44,All causes,Number,2009,2286.900882,2501.197367,2079.311211
Peru,Female,40 to 44,All causes,Number,2009,1635.012845,1800.786005,1473.370893
Peru,Both,40 to 44,All causes,Number,2009,3921.913728,4193.139523,3656.629585
Peru,Male,45 to 49,All causes,Number,2009,2739.270237,3000.884287,2485.909845
Peru,Female,45 to 49,All causes,Number,2009,1986.392839,2173.998585,1802.35755
Peru,Both,45 to 49,All causes,Number,2009,4725.663076,5049.47752,4405.962672
Peru,Male,50 to 54,All causes,Number,2009,3093.347916,3382.595529,2812.770794
Peru,Female,50 to 54,All causes,Number,2009,2522.794575,2749.951925,2299.067637
Peru,Both,50 to 54,All causes,Number,2009,5616.142491,5983.792662,5256.419476
Peru,Male,55 to 59,All causes,Number,2009,3574.883218,3892.570993,3265.842349
Peru,Female,55 to 59,All causes,Number,2009,2941.834799,3200.913534,2686.250547
Peru,Both,55 to 59,All causes,Number,2009,6516.718017,6926.021016,6111.699429
Peru,Male,60 to 64,All causes,Number,2009,4328.934407,4685.694268,3980.815273
Peru,Female,60 to 64,All causes,Number,2009,3470.731424,3767.582198,3177.717266
Peru,Both,60 to 64,All causes,Number,2009,7799.665831,8263.573257,7338.830403
Peru,Male,65 to 69,All causes,Number,2009,5046.697858,5455.505298,4647.497707
Peru,Female,65 to 69,All causes,Number,2009,4119.860592,4479.851256,3764.860847
Peru,Both,65 to 69,All causes,Number,2009,9166.55845,9713.006998,8630.716155
Peru,Male,70 to 74,All causes,Number,2009,6311.422663,6821.417079,5813.440876
Peru,Female,70 to 74,All causes,Number,2009,5236.589197,5707.91338,4772.219765
Peru,Both,70 to 74,All causes,Number,2009,11548.01186,12245.18036,10866.50907
Peru,Male,75 to 79,All causes,Number,2009,7415.161737,7999.346448,6845.002331
Peru,Female,75 to 79,All causes,Number,2009,6490.844058,7061.523988,5927.255984
Peru,Both,75 to 79,All causes,Number,2009,13906.00579,14726.20156,13101.43703
Peru,Male,80 plus,All causes,Number,2009,18272.3956,19355.89587,17205.00632
Peru,Female,80 plus,All causes,Number,2009,20101.37326,21430.37381,18781.70563
Peru,Both,80 plus,All causes,Number,2009,38373.76886,40087.56487,36693.96067
Peru,Male,All Ages,All causes,Number,2009,72535.67718,77450.41539,67714.81335
Peru,Female,All Ages,All causes,Number,2009,61134.39069,65496.20268,56856.08896
Peru,Both,All Ages,All causes,Number,2009,133670.0679,140166.456,127247.1565
Peru,Male,5-14 years,All causes,Number,2009,1497.761431,1596.334413,1406.86398
Peru,Female,5-14 years,All causes,Number,2009,1060.417745,1130.613779,1000.183629
Peru,Both,5-14 years,All causes,Number,2009,2558.179176,2721.686131,2415.041665
Peru,Male,15-49 years,All causes,Number,2009,14011.60118,15247.90903,12791.70199
Peru,Female,15-49 years,All causes,Number,2009,8552.766438,9365.650684,7746.565856
Peru,Both,15-49 years,All causes,Number,2009,22564.36762,24067.80631,21076.95428
Peru,Male,50-69 years,All causes,Number,2009,16043.8634,17416.38522,14706.92612
Peru,Female,50-69 years,All causes,Number,2009,13055.22139,14198.29891,11927.8963
Peru,Both,50-69 years,All causes,Number,2009,29099.08479,30884.87671,27329.30232
Peru,Male,70+ years,All causes,Number,2009,31998.98,34181.45762,29864.20456
Peru,Female,70+ years,All causes,Number,2009,31828.80651,34197.71326,29481.15276
Peru,Both,70+ years,All causes,Number,2009,63827.78651,67033.0301,60678.44713
Peru,Male,<1 year,All causes,Number,2009,7350.639204,8236.320942,6567.262722
Peru,Female,<1 year,All causes,Number,2009,5274.594321,5908.308064,4689.565722
Peru,Both,<1 year,All causes,Number,2009,12625.23353,14151.20632,11279.23943
Peru,Male,80 to 84,All causes,Number,2009,7382.934297,7888.951979,6887.536555
Peru,Female,80 to 84,All causes,Number,2009,7092.544256,7638.989815,6550.020262
Peru,Both,80 to 84,All causes,Number,2009,14475.47855,15214.03596,13746.48227
Peru,Male,85 to 89,All causes,Number,2009,6009.327455,6360.383126,5661.411418
Peru,Female,85 to 89,All causes,Number,2009,6481.442284,6913.127847,6056.866387
Peru,Both,85 to 89,All causes,Number,2009,12490.76974,13043.67843,11948.00589
Peru,Male,90 to 94,All causes,Number,2009,3283.525303,3439.316527,3129.059322
Peru,Female,90 to 94,All causes,Number,2009,4317.059058,4557.863856,4079.992024
Peru,Both,90 to 94,All causes,Number,2009,7600.584361,7886.266053,7322.100491
Peru,Male,<20 years,All causes,Number,2009,11659.82971,12859.56719,10705.41082
Peru,Female,<20 years,All causes,Number,2009,8475.854543,9318.936553,7729.323344
Peru,Both,<20 years,All causes,Number,2009,20135.68425,22156.0051,18508.02261
Peru,Male,10 to 24,All causes,Number,2009,3650.006741,3936.812417,3379.091036
Peru,Female,10 to 24,All causes,Number,2009,2181.066871,2345.317118,2009.614664
Peru,Both,10 to 24,All causes,Number,2009,5831.073612,6160.729091,5512.056916
Peru,Male,10 to 54,All causes,Number,2009,17827.37357,19371.77502,16316.58995
Peru,Female,10 to 54,All causes,Number,2009,11590.89412,12655.02455,10538.51452
Peru,Both,10 to 54,All causes,Number,2009,29418.26768,31329.1731,27546.51621
Peru,Male,95 plus,All causes,Number,2009,1596.608547,1666.826396,1526.511626
Peru,Female,95 plus,All causes,Number,2009,2210.32766,2323.180064,2094.448327
Peru,Both,95 plus,All causes,Number,2009,3806.936207,3938.212231,3676.887128
Peru,Male,<70 years,All causes,Number,2009,40536.69718,43508.41452,37760.42166
Peru,Female,<70 years,All causes,Number,2009,29305.58418,31358.95853,27192.06365
Peru,Both,<70 years,All causes,Number,2009,69842.28136,73630.1451,66269.9122
Peru,Male,Under 5,All causes,Number,2008,8994.172223,10049.32155,8122.735558
Peru,Female,Under 5,All causes,Number,2008,6676.912801,7438.711644,6055.473007
Peru,Both,Under 5,All causes,Number,2008,15671.08502,17446.08104,14147.68845
Peru,Male,Early Neonatal,All causes,Number,2008,3279.126835,3769.846447,2862.8161
Peru,Female,Early Neonatal,All causes,Number,2008,2248.267633,2596.633959,1955.70239
Peru,Both,Early Neonatal,All causes,Number,2008,5527.394468,6358.016833,4822.0142
Peru,Male,Late Neonatal,All causes,Number,2008,653.6795574,785.6075734,541.285056
Peru,Female,Late Neonatal,All causes,Number,2008,683.6792522,824.4304699,554.9856674
Peru,Both,Late Neonatal,All causes,Number,2008,1337.35881,1555.767719,1141.203633
Peru,Male,Post Neonatal,All causes,Number,2008,3229.145068,3802.701546,2758.723641
Peru,Female,Post Neonatal,All causes,Number,2008,2348.964254,2737.425295,2003.723161
Peru,Both,Post Neonatal,All causes,Number,2008,5578.109322,6524.454587,4775.559185
Peru,Male,1 to 4,All causes,Number,2008,1832.220763,2222.784771,1483.665249
Peru,Female,1 to 4,All causes,Number,2008,1396.001662,1693.063273,1137.978799
Peru,Both,1 to 4,All causes,Number,2008,3228.222425,3903.124671,2606.686233
Peru,Male,5 to 9,All causes,Number,2008,759.5083245,820.1936902,704.9234424
Peru,Female,5 to 9,All causes,Number,2008,526.29696,566.0328317,492.9073717
Peru,Both,5 to 9,All causes,Number,2008,1285.805285,1383.538701,1197.812117
Peru,Male,10 to 14,All causes,Number,2008,686.2745089,727.7862729,649.2845988
Peru,Female,10 to 14,All causes,Number,2008,487.1422273,518.2633581,456.9845439
Peru,Both,10 to 14,All causes,Number,2008,1173.416736,1236.306301,1117.797795
Peru,Male,15 to 19,All causes,Number,2008,1096.458221,1194.606442,1001.371831
Peru,Female,15 to 19,All causes,Number,2008,742.3238853,807.9862958,681.6650106
Peru,Both,15 to 19,All causes,Number,2008,1838.782106,1952.238205,1723.006552
Peru,Male,20 to 24,All causes,Number,2008,1605.696903,1747.888104,1465.983104
Peru,Female,20 to 24,All causes,Number,2008,846.5884497,929.9593568,770.5274082
Peru,Both,20 to 24,All causes,Number,2008,2452.285353,2610.614035,2289.924417
Peru,Male,25 to 29,All causes,Number,2008,1800.980582,1951.432529,1652.407566
Peru,Female,25 to 29,All causes,Number,2008,846.7679213,934.7729586,766.2124631
Peru,Both,25 to 29,All causes,Number,2008,2647.748504,2816.949919,2477.005464
Peru,Male,30 to 34,All causes,Number,2008,1853.301238,2008.22006,1698.084502
Peru,Female,30 to 34,All causes,Number,2008,951.0130304,1049.193528,859.9010321
Peru,Both,30 to 34,All causes,Number,2008,2804.314268,2982.275946,2624.31674
Peru,Male,35 to 39,All causes,Number,2008,1965.287196,2144.751816,1783.993117
Peru,Female,35 to 39,All causes,Number,2008,1219.247403,1360.397524,1086.692962
Peru,Both,35 to 39,All causes,Number,2008,3184.534599,3406.803416,2965.871663
Peru,Male,40 to 44,All causes,Number,2008,2132.898624,2335.013729,1929.016126
Peru,Female,40 to 44,All causes,Number,2008,1545.18838,1711.885944,1387.904134
Peru,Both,40 to 44,All causes,Number,2008,3678.087004,3931.824742,3427.012757
Peru,Male,45 to 49,All causes,Number,2008,2496.506773,2737.364203,2253.562131
Peru,Female,45 to 49,All causes,Number,2008,1820.573641,2003.3033,1647.400581
Peru,Both,45 to 49,All causes,Number,2008,4317.080414,4612.756993,4027.70199
Peru,Male,50 to 54,All causes,Number,2008,2822.950167,3088.872627,2554.027542
Peru,Female,50 to 54,All causes,Number,2008,2326.525074,2548.912798,2115.156669
Peru,Both,50 to 54,All causes,Number,2008,5149.475241,5484.87199,4816.217517
Peru,Male,55 to 59,All causes,Number,2008,3233.271256,3521.144074,2940.896258
Peru,Female,55 to 59,All causes,Number,2008,2593.481307,2835.672188,2362.92179
Peru,Both,55 to 59,All causes,Number,2008,5826.752563,6190.520439,5464.146609
Peru,Male,60 to 64,All causes,Number,2008,3936.103857,4260.148942,3605.486443
Peru,Female,60 to 64,All causes,Number,2008,3166.630674,3453.010142,2893.227036
Peru,Both,60 to 64,All causes,Number,2008,7102.734531,7518.077255,6685.543522
Peru,Male,65 to 69,All causes,Number,2008,4709.381848,5089.446124,4320.976171
Peru,Female,65 to 69,All causes,Number,2008,3747.883272,4094.096817,3417.537341
Peru,Both,65 to 69,All causes,Number,2008,8457.265121,8948.800598,7961.083407
Peru,Male,70 to 74,All causes,Number,2008,5927.427952,6403.987545,5439.80075
Peru,Female,70 to 74,All causes,Number,2008,4821.468027,5280.800335,4383.452042
Peru,Both,70 to 74,All causes,Number,2008,10748.89598,11384.07401,10110.55064
Peru,Male,75 to 79,All causes,Number,2008,6827.504974,7361.221716,6279.668828
Peru,Female,75 to 79,All causes,Number,2008,5878.146886,6427.675212,5354.747827
Peru,Both,75 to 79,All causes,Number,2008,12705.65186,13436.20097,11964.01748
Peru,Male,80 plus,All causes,Number,2008,16800.7646,17777.96433,15778.23116
Peru,Female,80 plus,All causes,Number,2008,18226.65163,19492.16606,16999.40507
Peru,Both,80 plus,All causes,Number,2008,35027.41623,36575.0306,33530.84915
Peru,Male,All Ages,All causes,Number,2008,67648.48925,72434.00008,63036.92029
Peru,Female,All Ages,All causes,Number,2008,56422.84157,60826.50355,52378.66044
Peru,Both,All Ages,All causes,Number,2008,124071.3308,130185.5613,118121.7332
Peru,Male,5-14 years,All causes,Number,2008,1445.782833,1546.163173,1357.994228
Peru,Female,5-14 years,All causes,Number,2008,1013.439187,1077.157199,957.7255691
Peru,Both,5-14 years,All causes,Number,2008,2459.222021,2619.685764,2322.522658
Peru,Male,15-49 years,All causes,Number,2008,12951.12954,14129.21051,11789.17506
Peru,Female,15-49 years,All causes,Number,2008,7971.702711,8789.264751,7198.334285
Peru,Both,15-49 years,All causes,Number,2008,20922.83225,22267.98927,19515.15263
Peru,Male,50-69 years,All causes,Number,2008,14701.70713,15959.61177,13421.3836
Peru,Female,50-69 years,All causes,Number,2008,11834.52033,12931.69195,10788.83968
Peru,Both,50-69 years,All causes,Number,2008,26536.22746,28141.41894,24937.55092
Peru,Male,70+ years,All causes,Number,2008,29555.69753,31543.17359,27502.73061
Peru,Female,70+ years,All causes,Number,2008,28926.26654,31216.20645,26737.50844
Peru,Both,70+ years,All causes,Number,2008,58481.96407,61386.11762,55583.23743
Peru,Male,<1 year,All causes,Number,2008,7161.951461,8073.443128,6398.988304
Peru,Female,<1 year,All causes,Number,2008,5280.911139,5899.966388,4737.566654
Peru,Both,<1 year,All causes,Number,2008,12442.8626,13928.02368,11145.26251
Peru,Male,80 to 84,All causes,Number,2008,6823.863709,7283.491872,6347.814643
Peru,Female,80 to 84,All causes,Number,2008,6364.640196,6889.633574,5863.432297
Peru,Both,80 to 84,All causes,Number,2008,13188.5039,13857.92778,12519.34333
Peru,Male,85 to 89,All causes,Number,2008,5526.158681,5844.69237,5193.427166
Peru,Female,85 to 89,All causes,Number,2008,5912.210918,6320.362966,5513.157698
Peru,Both,85 to 89,All causes,Number,2008,11438.3696,11944.32956,10953.22391
Peru,Male,90 to 94,All causes,Number,2008,3024.63007,3164.795472,2876.191762
Peru,Female,90 to 94,All causes,Number,2008,3974.755587,4203.078613,3749.048801
Peru,Both,90 to 94,All causes,Number,2008,6999.385656,7269.295232,6750.091327
Peru,Male,<20 years,All causes,Number,2008,11536.41328,12649.82328,10567.8333
Peru,Female,<20 years,All causes,Number,2008,8432.675874,9264.345259,7749.664408
Peru,Both,<20 years,All causes,Number,2008,19969.08915,21912.69832,18305.497
Peru,Male,10 to 24,All causes,Number,2008,3388.429633,3663.149944,3125.821856
Peru,Female,10 to 24,All causes,Number,2008,2076.054562,2250.568076,1912.816303
Peru,Both,10 to 24,All causes,Number,2008,5464.484196,5776.32042,5143.80748
Peru,Male,10 to 54,All causes,Number,2008,16460.35421,17930.58121,15013.89279
Peru,Female,10 to 54,All causes,Number,2008,10785.37001,11850.40561,9777.240103
Peru,Both,10 to 54,All causes,Number,2008,27245.72423,28951.22124,25463.16835
Peru,Male,95 plus,All causes,Number,2008,1426.112144,1487.517483,1360.431749
Peru,Female,95 plus,All causes,Number,2008,1975.044928,2081.620888,1870.797148
Peru,Both,95 plus,All causes,Number,2008,3401.157072,3526.734755,3283.975438
Peru,Male,<70 years,All causes,Number,2008,38092.79172,40780.76426,35402.22994
Peru,Female,<70 years,All causes,Number,2008,27496.57503,29655.81765,25473.32534
Peru,Both,<70 years,All causes,Number,2008,65589.36675,69296.78072,62166.15089
Peru,Male,Under 5,All causes,Number,2014,7804.323231,9268.760489,6443.359746
Peru,Female,Under 5,All causes,Number,2014,6019.621679,7128.112495,5014.754034
Peru,Both,Under 5,All causes,Number,2014,13823.94491,16443.94647,11442.48445
Peru,Male,Early Neonatal,All causes,Number,2014,2978.73871,3843.450712,2269.554093
Peru,Female,Early Neonatal,All causes,Number,2014,2232.510299,2772.688016,1750.8214
Peru,Both,Early Neonatal,All causes,Number,2014,5211.249008,6584.114894,4039.067629
Peru,Male,Late Neonatal,All causes,Number,2014,528.3582775,695.8072868,392.0039827
Peru,Female,Late Neonatal,All causes,Number,2014,746.6777266,928.6586544,584.5273994
Peru,Both,Late Neonatal,All causes,Number,2014,1275.036004,1542.343926,1044.132697
Peru,Male,Post Neonatal,All causes,Number,2014,2705.907096,3440.163914,2030.753933
Peru,Female,Post Neonatal,All causes,Number,2014,2060.058696,2668.468889,1515.755862
Peru,Both,Post Neonatal,All causes,Number,2014,4765.965792,6096.576622,3537.991407
Peru,Male,1 to 4,All causes,Number,2014,1591.319148,1876.852897,1338.048181
Peru,Female,1 to 4,All causes,Number,2014,980.3749577,1150.602652,827.5423545
Peru,Both,1 to 4,All causes,Number,2014,2571.694105,3016.632245,2170.790596
Peru,Male,5 to 9,All causes,Number,2014,727.9869868,826.5213823,640.3507925
Peru,Female,5 to 9,All causes,Number,2014,567.4567441,630.7477151,507.0364381
Peru,Both,5 to 9,All causes,Number,2014,1295.443731,1458.068801,1150.570674
Peru,Male,10 to 14,All causes,Number,2014,566.7264938,613.2097123,522.4977033
Peru,Female,10 to 14,All causes,Number,2014,462.2652548,496.6867244,427.3992976
Peru,Both,10 to 14,All causes,Number,2014,1028.991749,1101.316697,960.5878137
Peru,Male,15 to 19,All causes,Number,2014,1101.150847,1204.516479,996.5651234
Peru,Female,15 to 19,All causes,Number,2014,643.5292825,703.7587036,590.0577372
Peru,Both,15 to 19,All causes,Number,2014,1744.68013,1861.541468,1626.234945
Peru,Male,20 to 24,All causes,Number,2014,1582.967289,1731.443124,1436.692327
Peru,Female,20 to 24,All causes,Number,2014,728.2672403,803.2803572,662.1955006
Peru,Both,20 to 24,All causes,Number,2014,2311.234529,2468.327371,2152.516906
Peru,Male,25 to 29,All causes,Number,2014,1740.873405,1896.654005,1590.407626
Peru,Female,25 to 29,All causes,Number,2014,797.6005263,885.3398776,720.6867026
Peru,Both,25 to 29,All causes,Number,2014,2538.473931,2702.780251,2368.075973
Peru,Male,30 to 34,All causes,Number,2014,1843.329183,2009.811808,1684.468116
Peru,Female,30 to 34,All causes,Number,2014,908.3261441,1007.661213,819.7043534
Peru,Both,30 to 34,All causes,Number,2014,2751.655327,2927.557764,2565.388649
Peru,Male,35 to 39,All causes,Number,2014,1964.033602,2155.545531,1780.060779
Peru,Female,35 to 39,All causes,Number,2014,1130.971894,1272.50501,1008.358079
Peru,Both,35 to 39,All causes,Number,2014,3095.005495,3311.061587,2858.638875
Peru,Male,40 to 44,All causes,Number,2014,2206.287418,2428.976587,1993.002408
Peru,Female,40 to 44,All causes,Number,2014,1461.981625,1632.273096,1313.55376
Peru,Both,40 to 44,All causes,Number,2014,3668.269042,3923.95891,3392.386757
Peru,Male,45 to 49,All causes,Number,2014,2551.956006,2813.925566,2301.382717
Peru,Female,45 to 49,All causes,Number,2014,1885.751108,2090.157992,1706.581219
Peru,Both,45 to 49,All causes,Number,2014,4437.707114,4741.654405,4112.832792
Peru,Male,50 to 54,All causes,Number,2014,3130.050457,3444.682961,2828.437356
Peru,Female,50 to 54,All causes,Number,2014,2415.326986,2665.025219,2195.644271
Peru,Both,50 to 54,All causes,Number,2014,5545.377444,5914.590311,5151.711387
Peru,Male,55 to 59,All causes,Number,2014,3540.015029,3878.860793,3213.732126
Peru,Female,55 to 59,All causes,Number,2014,2914.704615,3209.694665,2654.676918
Peru,Both,55 to 59,All causes,Number,2014,6454.719644,6870.494665,6013.138934
Peru,Male,60 to 64,All causes,Number,2014,4187.588515,4560.114042,3826.901689
Peru,Female,60 to 64,All causes,Number,2014,3540.253829,3888.337492,3232.918826
Peru,Both,60 to 64,All causes,Number,2014,7727.842345,8190.475709,7225.960751
Peru,Male,65 to 69,All causes,Number,2014,5165.519614,5618.077812,4726.662002
Peru,Female,65 to 69,All causes,Number,2014,4290.589171,4722.063221,3909.915513
Peru,Both,65 to 69,All causes,Number,2014,9456.108785,10026.22758,8840.758247
Peru,Male,70 to 74,All causes,Number,2014,6199.926186,6744.344241,5672.400529
Peru,Female,70 to 74,All causes,Number,2014,5170.224549,5707.467554,4696.538454
Peru,Both,70 to 74,All causes,Number,2014,11370.15074,12071.79572,10619.28881
Peru,Male,75 to 79,All causes,Number,2014,7597.700154,8247.569005,6969.094171
Peru,Female,75 to 79,All causes,Number,2014,6443.768101,7097.100243,5865.486579
Peru,Both,75 to 79,All causes,Number,2014,14041.46825,14889.86293,13137.69643
Peru,Male,80 plus,All causes,Number,2014,21847.36914,23265.07202,20472.12018
Peru,Female,80 plus,All causes,Number,2014,23528.1985,25293.14768,21943.44065
Peru,Both,80 plus,All causes,Number,2014,45375.56764,47552.94035,43186.20595
Peru,Male,All Ages,All causes,Number,2014,73757.80356,79378.02896,68073.30946
Peru,Female,All Ages,All causes,Number,2014,62908.83725,68017.88803,58273.84498
Peru,Both,All Ages,All causes,Number,2014,136666.6408,144079.3267,128994.9946
Peru,Male,5-14 years,All causes,Number,2014,1294.713481,1433.933777,1163.995914
Peru,Female,5-14 years,All causes,Number,2014,1029.721999,1122.396722,941.4315884
Peru,Both,5-14 years,All causes,Number,2014,2324.435479,2550.184561,2120.47932
Peru,Male,15-49 years,All causes,Number,2014,12990.59775,14259.39215,11784.71405
Peru,Female,15-49 years,All causes,Number,2014,7556.42782,8402.120359,6817.013284
Peru,Both,15-49 years,All causes,Number,2014,20547.02557,21903.78141,19082.07007
Peru,Male,50-69 years,All causes,Number,2014,16023.17361,17501.54454,14595.73317
Peru,Female,50-69 years,All causes,Number,2014,13160.8746,14485.1206,11992.95691
Peru,Both,50-69 years,All causes,Number,2014,29184.04822,31001.94166,27231.3643
Peru,Male,70+ years,All causes,Number,2014,35644.99548,38256.98527,33125.48951
Peru,Female,70+ years,All causes,Number,2014,35142.19115,38094.84587,32508.97779
Peru,Both,70+ years,All causes,Number,2014,70787.18663,74525.06352,66943.86806
Peru,Male,<1 year,All causes,Number,2014,6213.004083,7414.546411,5105.087918
Peru,Female,<1 year,All causes,Number,2014,5039.246722,5970.398281,4184.726667
Peru,Both,<1 year,All causes,Number,2014,11252.2508,13403.27941,9297.279178
Peru,Male,80 to 84,All causes,Number,2014,8260.151761,8884.553445,7661.152022
Peru,Female,80 to 84,All causes,Number,2014,7857.237963,8556.270498,7233.99202
Peru,Both,80 to 84,All causes,Number,2014,16117.38972,17003.06296,15205.72495
Peru,Male,85 to 89,All causes,Number,2014,7224.694153,7695.069682,6768.845713
Peru,Female,85 to 89,All causes,Number,2014,7479.227918,8046.001786,6966.99801
Peru,Both,85 to 89,All causes,Number,2014,14703.92207,15406.31381,13993.99643
Peru,Male,90 to 94,All causes,Number,2014,4213.92963,4429.175875,4001.257106
Peru,Female,90 to 94,All causes,Number,2014,5222.288851,5547.672161,4927.341889
Peru,Both,90 to 94,All causes,Number,2014,9436.21848,9815.395852,9057.867726
Peru,Male,<20 years,All causes,Number,2014,10200.18756,11847.26115,8745.369702
Peru,Female,<20 years,All causes,Number,2014,7692.872961,8891.332872,6591.551476
Peru,Both,<20 years,All causes,Number,2014,17893.06052,20710.80553,15342.45994
Peru,Male,10 to 24,All causes,Number,2014,3250.84463,3528.322839,2967.131381
Peru,Female,10 to 24,All causes,Number,2014,1834.061778,1995.449208,1686.762177
Peru,Both,10 to 24,All causes,Number,2014,5084.906407,5406.858082,4755.755585
Peru,Male,10 to 54,All causes,Number,2014,16687.3747,18281.42567,15135.05303
Peru,Female,10 to 54,All causes,Number,2014,10434.02006,11557.35731,9450.436972
Peru,Both,10 to 54,All causes,Number,2014,27121.39476,28874.38223,25249.35087
Peru,Male,95 plus,All causes,Number,2014,2148.5936,2251.63649,2045.943552
Peru,Female,95 plus,All causes,Number,2014,2969.443768,3146.815839,2810.998739
Peru,Both,95 plus,All causes,Number,2014,5118.037368,5311.544443,4921.924518
Peru,Male,<70 years,All causes,Number,2014,38112.80808,41240.94165,35008.64241
Peru,Female,<70 years,All causes,Number,2014,27766.6461,30126.80691,25404.09079
Peru,Both,<70 years,All causes,Number,2014,65879.45418,70233.9815,61436.85836
Peru,Male,Under 5,All causes,Number,2013,8149.044677,9422.188636,6989.713894
Peru,Female,Under 5,All causes,Number,2013,6275.281835,7261.638233,5413.900109
Peru,Both,Under 5,All causes,Number,2013,14424.32651,16658.69967,12442.25446
Peru,Male,Early Neonatal,All causes,Number,2013,3207.653599,3998.203191,2546.977703
Peru,Female,Early Neonatal,All causes,Number,2013,2390.685703,2906.051616,1934.513173
Peru,Both,Early Neonatal,All causes,Number,2013,5598.339302,6853.693042,4477.868039
Peru,Male,Late Neonatal,All causes,Number,2013,552.7802974,702.278035,416.6919789
Peru,Female,Late Neonatal,All causes,Number,2013,796.8393142,1004.811808,608.5525264
Peru,Both,Late Neonatal,All causes,Number,2013,1349.619612,1628.725676,1107.740367
Peru,Male,Post Neonatal,All causes,Number,2013,2769.017972,3405.37235,2205.566464
Peru,Female,Post Neonatal,All causes,Number,2013,2118.106937,2656.416064,1629.581911
Peru,Both,Post Neonatal,All causes,Number,2013,4887.124908,6022.855583,3834.192605
Peru,Male,1 to 4,All causes,Number,2013,1619.592808,2004.658794,1284.465808
Peru,Female,1 to 4,All causes,Number,2013,969.6498814,1204.53212,771.1184869
Peru,Both,1 to 4,All causes,Number,2013,2589.242689,3208.24323,2055.474658
Peru,Male,5 to 9,All causes,Number,2013,734.3937951,812.8371182,658.2106126
Peru,Female,5 to 9,All causes,Number,2013,576.1644364,632.0135158,522.4011524
Peru,Both,5 to 9,All causes,Number,2013,1310.558232,1444.641517,1181.632717
Peru,Male,10 to 14,All causes,Number,2013,608.4861959,651.8703923,567.7278578
Peru,Female,10 to 14,All causes,Number,2013,490.7170677,524.5603477,457.0277917
Peru,Both,10 to 14,All causes,Number,2013,1099.203264,1168.324693,1034.813364
Peru,Male,15 to 19,All causes,Number,2013,1160.727363,1269.540544,1052.808306
Peru,Female,15 to 19,All causes,Number,2013,667.1003314,721.0513444,615.0504777
Peru,Both,15 to 19,All causes,Number,2013,1827.827695,1950.387075,1707.125497
Peru,Male,20 to 24,All causes,Number,2013,1640.812794,1793.121706,1492.224221
Peru,Female,20 to 24,All causes,Number,2013,768.0162865,836.2363567,701.9138651
Peru,Both,20 to 24,All causes,Number,2013,2408.82908,2574.986588,2248.495365
Peru,Male,25 to 29,All causes,Number,2013,1769.724925,1924.296771,1617.229212
Peru,Female,25 to 29,All causes,Number,2013,830.884791,910.1586675,755.1317038
Peru,Both,25 to 29,All causes,Number,2013,2600.609716,2770.493047,2433.425624
Peru,Male,30 to 34,All causes,Number,2013,1878.139862,2043.883752,1715.158294
Peru,Female,30 to 34,All causes,Number,2013,919.895546,1009.175634,835.2259839
Peru,Both,30 to 34,All causes,Number,2013,2798.035408,2981.876082,2615.906363
Peru,Male,35 to 39,All causes,Number,2013,2026.122836,2224.810157,1832.311847
Peru,Female,35 to 39,All causes,Number,2013,1188.454576,1316.313042,1065.634833
Peru,Both,35 to 39,All causes,Number,2013,3214.577412,3443.768969,2991.130099
Peru,Male,40 to 44,All causes,Number,2013,2204.237771,2428.734169,1985.901253
Peru,Female,40 to 44,All causes,Number,2013,1497.840584,1648.053555,1352.765093
Peru,Both,40 to 44,All causes,Number,2013,3702.078355,3966.692716,3444.285427
Peru,Male,45 to 49,All causes,Number,2013,2535.837671,2798.665425,2280.558527
Peru,Female,45 to 49,All causes,Number,2013,1880.567168,2056.365886,1710.173471
Peru,Both,45 to 49,All causes,Number,2013,4416.404839,4726.194522,4113.857706
Peru,Male,50 to 54,All causes,Number,2013,3162.87387,3483.313343,2850.984219
Peru,Female,50 to 54,All causes,Number,2013,2487.399739,2709.115239,2272.031395
Peru,Both,50 to 54,All causes,Number,2013,5650.27361,6030.830324,5271.949481
Peru,Male,55 to 59,All causes,Number,2013,3552.08367,3892.891365,3218.862855
Peru,Female,55 to 59,All causes,Number,2013,2908.712918,3162.353874,2662.116138
Peru,Both,55 to 59,All causes,Number,2013,6460.796588,6881.283308,6048.32086
Peru,Male,60 to 64,All causes,Number,2013,4200.695347,4573.77616,3833.61889
Peru,Female,60 to 64,All causes,Number,2013,3532.691649,3831.701892,3241.883911
Peru,Both,60 to 64,All causes,Number,2013,7733.386996,8208.820184,7278.953636
Peru,Male,65 to 69,All causes,Number,2013,5187.842528,5639.777874,4742.189047
Peru,Female,65 to 69,All causes,Number,2013,4307.460315,4679.776106,3945.558826
Peru,Both,65 to 69,All causes,Number,2013,9495.302844,10079.13254,8937.685041
Peru,Male,70 to 74,All causes,Number,2013,6258.801235,6803.21516,5721.009533
Peru,Female,70 to 74,All causes,Number,2013,5264.903389,5734.587721,4808.642836
Peru,Both,70 to 74,All causes,Number,2013,11523.70462,12235.98502,10837.01363
Peru,Male,75 to 79,All causes,Number,2013,7713.710897,8363.352068,7068.333887
Peru,Female,75 to 79,All causes,Number,2013,6514.56516,7083.102027,5961.366759
Peru,Both,75 to 79,All causes,Number,2013,14228.27606,15086.68235,13401.73301
Peru,Male,80 plus,All causes,Number,2013,21612.29484,22981.20772,20239.93773
Peru,Female,80 plus,All causes,Number,2013,23439.88989,24935.26416,21935.34524
Peru,Both,80 plus,All causes,Number,2013,45052.18474,47034.40564,43066.72191
Peru,Male,All Ages,All causes,Number,2013,74395.83028,79734.91781,68979.77198
Peru,Female,All Ages,All causes,Number,2013,63550.54569,68181.86358,59116.85938
Peru,Both,All Ages,All causes,Number,2013,137946.376,144963.2702,130484.9606
Peru,Male,5-14 years,All causes,Number,2013,1342.879991,1461.050915,1233.666286
Peru,Female,5-14 years,All causes,Number,2013,1066.881504,1150.102032,984.7020259
Peru,Both,5-14 years,All causes,Number,2013,2409.761495,2608.820016,2221.623954
Peru,Male,15-49 years,All causes,Number,2013,13215.60322,14480.68294,11982.79559
Peru,Female,15-49 years,All causes,Number,2013,7752.759282,8499.628433,7036.810673
Peru,Both,15-49 years,All causes,Number,2013,20968.3625,22399.56164,19555.62198
Peru,Male,50-69 years,All causes,Number,2013,16103.49541,17589.75874,14645.65501
Peru,Female,50-69 years,All causes,Number,2013,13236.26462,14382.94751,12121.59027
Peru,Both,50-69 years,All causes,Number,2013,29339.76004,31201.59927,27540.15253
Peru,Male,70+ years,All causes,Number,2013,35584.80698,38131.47118,33025.94609
Peru,Female,70+ years,All causes,Number,2013,35219.35844,37744.99545,32707.95966
Peru,Both,70+ years,All causes,Number,2013,70804.16542,74354.21421,67330.41737
Peru,Male,<1 year,All causes,Number,2013,6529.451869,7643.04335,5532.859228
Peru,Female,<1 year,All causes,Number,2013,5305.631954,6176.588156,4538.753242
Peru,Both,<1 year,All causes,Number,2013,11835.08382,13813.85305,10073.91089
Peru,Male,80 to 84,All causes,Number,2013,8264.509719,8871.002922,7657.44567
Peru,Female,80 to 84,All causes,Number,2013,7923.320198,8522.664725,7327.836729
Peru,Both,80 to 84,All causes,Number,2013,16187.82992,17029.77392,15365.80349
Peru,Male,85 to 89,All causes,Number,2013,7111.535758,7567.784829,6659.566092
Peru,Female,85 to 89,All causes,Number,2013,7374.382801,7850.983344,6894.720719
Peru,Both,85 to 89,All causes,Number,2013,14485.91856,15129.36355,13845.55484
Peru,Male,90 to 94,All causes,Number,2013,4113.571487,4321.651389,3902.785294
Peru,Female,90 to 94,All causes,Number,2013,5185.739384,5459.249213,4905.915128
Peru,Both,90 to 94,All causes,Number,2013,9299.310871,9634.017055,8961.393005
Peru,Male,<20 years,All causes,Number,2013,10652.65203,12063.11901,9369.452234
Peru,Female,<20 years,All causes,Number,2013,8009.263671,9087.674536,7033.13114
Peru,Both,<20 years,All causes,Number,2013,18661.9157,21126.29742,16451.1224
Peru,Male,10 to 24,All causes,Number,2013,3410.026353,3701.380706,3123.076054
Peru,Female,10 to 24,All causes,Number,2013,1925.833686,2075.804447,1779.354681
Peru,Both,10 to 24,All causes,Number,2013,5335.860039,5668.059445,5002.711537
Peru,Male,10 to 54,All causes,Number,2013,16986.96329,18595.72074,15423.35867
Peru,Female,10 to 54,All causes,Number,2013,10730.87609,11728.49498,9773.973574
Peru,Both,10 to 54,All causes,Number,2013,27717.83938,29540.06752,25874.27612
Peru,Male,95 plus,All causes,Number,2013,2122.67788,2222.53162,2020.274162
Peru,Female,95 plus,All causes,Number,2013,2956.447512,3101.890283,2805.678937
Peru,Both,95 plus,All causes,Number,2013,5079.125392,5253.62582,4904.514487
Peru,Male,<70 years,All causes,Number,2013,38811.0233,41991.50059,35885.72173
Peru,Female,<70 years,All causes,Number,2013,28331.18724,30456.19523,26200.61818
Peru,Both,<70 years,All causes,Number,2013,67142.21055,71304.18703,62999.43103
Peru,Male,Under 5,All causes,Number,2012,8219.321291,9292.58505,7150.855647
Peru,Female,Under 5,All causes,Number,2012,6280.746406,7062.381858,5542.50492
Peru,Both,Under 5,All causes,Number,2012,14500.0677,16351.55533,12735.86977
Peru,Male,Early Neonatal,All causes,Number,2012,3310.616103,4035.149568,2661.301802
Peru,Female,Early Neonatal,All causes,Number,2012,2436.962662,2945.808819,1959.953671
Peru,Both,Early Neonatal,All causes,Number,2012,5747.578765,7021.693722,4653.046647
Peru,Male,Late Neonatal,All causes,Number,2012,552.1839009,700.2619857,428.2160835
Peru,Female,Late Neonatal,All causes,Number,2012,810.3286342,1018.736932,626.2616748
Peru,Both,Late Neonatal,All causes,Number,2012,1362.512535,1650.191242,1107.961369
Peru,Male,Post Neonatal,All causes,Number,2012,2760.532823,3347.611033,2227.814277
Peru,Female,Post Neonatal,All causes,Number,2012,2093.669665,2539.382172,1675.58196
Peru,Both,Post Neonatal,All causes,Number,2012,4854.202487,5921.408315,3936.735257
Peru,Male,1 to 4,All causes,Number,2012,1595.988465,2024.135961,1238.154411
Peru,Female,1 to 4,All causes,Number,2012,939.7854442,1210.063836,721.9751827
Peru,Both,1 to 4,All causes,Number,2012,2535.77391,3229.124469,1957.517417
Peru,Male,5 to 9,All causes,Number,2012,776.3582804,847.9643355,703.2693424
Peru,Female,5 to 9,All causes,Number,2012,555.5303146,603.2848302,511.1419803
Peru,Both,5 to 9,All causes,Number,2012,1331.888595,1449.586521,1215.009222
Peru,Male,10 to 14,All causes,Number,2012,657.7139591,701.0444506,616.1099366
Peru,Female,10 to 14,All causes,Number,2012,501.9289518,533.4857826,470.7609273
Peru,Both,10 to 14,All causes,Number,2012,1159.642911,1225.673574,1094.4126
Peru,Male,15 to 19,All causes,Number,2012,1194.454219,1312.986597,1087.285987
Peru,Female,15 to 19,All causes,Number,2012,708.4588352,766.5843967,650.0655194
Peru,Both,15 to 19,All causes,Number,2012,1902.913054,2033.001829,1780.001385
Peru,Male,20 to 24,All causes,Number,2012,1674.734139,1837.877118,1521.740438
Peru,Female,20 to 24,All causes,Number,2012,804.1046355,877.0576838,731.9394633
Peru,Both,20 to 24,All causes,Number,2012,2478.838774,2656.050769,2309.640499
Peru,Male,25 to 29,All causes,Number,2012,1804.678181,1969.644354,1647.422234
Peru,Female,25 to 29,All causes,Number,2012,836.1513833,915.8569468,757.3155564
Peru,Both,25 to 29,All causes,Number,2012,2640.829565,2826.849124,2466.050995
Peru,Male,30 to 34,All causes,Number,2012,1897.113123,2071.462568,1728.687279
Peru,Female,30 to 34,All causes,Number,2012,1000.526126,1097.429818,906.5488148
Peru,Both,30 to 34,All causes,Number,2012,2897.639248,3097.798537,2712.012828
Peru,Male,35 to 39,All causes,Number,2012,2072.295333,2281.964564,1873.676535
Peru,Female,35 to 39,All causes,Number,2012,1209.623159,1339.852803,1080.401909
Peru,Both,35 to 39,All causes,Number,2012,3281.918491,3527.819598,3051.539058
Peru,Male,40 to 44,All causes,Number,2012,2293.492133,2533.901827,2066.290991
Peru,Female,40 to 44,All causes,Number,2012,1564.005535,1720.802026,1407.585746
Peru,Both,40 to 44,All causes,Number,2012,3857.497669,4143.818786,3590.891033
Peru,Male,45 to 49,All causes,Number,2012,2567.031188,2840.577947,2308.800367
Peru,Female,45 to 49,All causes,Number,2012,1913.277443,2091.633924,1734.41981
Peru,Both,45 to 49,All causes,Number,2012,4480.308632,4806.456957,4175.986535
Peru,Male,50 to 54,All causes,Number,2012,3134.708946,3461.484657,2825.760493
Peru,Female,50 to 54,All causes,Number,2012,2523.447211,2747.518714,2297.971523
Peru,Both,50 to 54,All causes,Number,2012,5658.156157,6056.179602,5287.331822
Peru,Male,55 to 59,All causes,Number,2012,3619.078424,3977.336729,3279.256547
Peru,Female,55 to 59,All causes,Number,2012,2964.428128,3221.66885,2705.132795
Peru,Both,55 to 59,All causes,Number,2012,6583.506552,7026.072004,6170.778923
Peru,Male,60 to 64,All causes,Number,2012,4250.111059,4640.603459,3878.071886
Peru,Female,60 to 64,All causes,Number,2012,3514.692749,3810.541641,3215.774739
Peru,Both,60 to 64,All causes,Number,2012,7764.803808,8252.37208,7294.867075
Peru,Male,65 to 69,All causes,Number,2012,5224.023365,5695.448048,4774.229897
Peru,Female,65 to 69,All causes,Number,2012,4248.23762,4613.648714,3879.316238
Peru,Both,65 to 69,All causes,Number,2012,9472.260986,10067.15299,8893.811398
Peru,Male,70 to 74,All causes,Number,2012,6306.310166,6875.075507,5763.156509
Peru,Female,70 to 74,All causes,Number,2012,5258.331105,5725.474985,4787.373504
Peru,Both,70 to 74,All causes,Number,2012,11564.64127,12297.90532,10845.20926
Peru,Male,75 to 79,All causes,Number,2012,7728.767019,8405.676044,7080.523522
Peru,Female,75 to 79,All causes,Number,2012,6527.454612,7095.509011,5954.080588
Peru,Both,75 to 79,All causes,Number,2012,14256.22163,15136.82111,13393.09484
Peru,Male,80 plus,All causes,Number,2012,21148.12009,22527.60795,19803.87589
Peru,Female,80 plus,All causes,Number,2012,22836.80904,24322.11655,21324.55796
Peru,Both,80 plus,All causes,Number,2012,43984.92913,45985.47425,41990.108
Peru,Male,All Ages,All causes,Number,2012,74568.31092,80290.85786,69272.80471
Peru,Female,All Ages,All causes,Number,2012,63247.75326,67728.45462,58834.91993
Peru,Both,All Ages,All causes,Number,2012,137816.0642,145076.7085,130716.4544
Peru,Male,5-14 years,All causes,Number,2012,1434.07224,1547.041056,1326.262659
Peru,Female,5-14 years,All causes,Number,2012,1057.459266,1127.723525,988.0778976
Peru,Both,5-14 years,All causes,Number,2012,2491.531506,2675.27524,2323.36186
Peru,Male,15-49 years,All causes,Number,2012,13503.79832,14849.04061,12227.32935
Peru,Female,15-49 years,All causes,Number,2012,8036.147117,8814.329075,7265.176007
Peru,Both,15-49 years,All causes,Number,2012,21539.94543,23114.45784,20110.98443
Peru,Male,50-69 years,All causes,Number,2012,16227.92179,17774.87449,14757.31882
Peru,Female,50-69 years,All causes,Number,2012,13250.80571,14393.37792,12098.1953
Peru,Both,50-69 years,All causes,Number,2012,29478.7275,31398.35634,27662.27368
Peru,Male,70+ years,All causes,Number,2012,35183.19728,37810.56555,32647.55592
Peru,Female,70+ years,All causes,Number,2012,34622.59476,37129.31209,32052.42558
Peru,Both,70+ years,All causes,Number,2012,69805.79204,73393.19404,66268.63147
Peru,Male,<1 year,All causes,Number,2012,6623.332826,7542.885278,5713.319727
Peru,Female,<1 year,All causes,Number,2012,5340.960961,6052.100032,4652.581121
Peru,Both,<1 year,All causes,Number,2012,11964.29379,13562.03426,10412.45425
Peru,Male,80 to 84,All causes,Number,2012,8226.043119,8851.558009,7620.352407
Peru,Female,80 to 84,All causes,Number,2012,7801.776305,8396.040354,7195.808489
Peru,Both,80 to 84,All causes,Number,2012,16027.81942,16879.01011,15184.96545
Peru,Male,85 to 89,All causes,Number,2012,6892.695278,7341.357985,6452.013437
Peru,Female,85 to 89,All causes,Number,2012,7189.83206,7665.302732,6706.298292
Peru,Both,85 to 89,All causes,Number,2012,14082.52734,14724.76849,13439.16173
Peru,Male,90 to 94,All causes,Number,2012,3978.0589,4184.612399,3773.762633
Peru,Female,90 to 94,All causes,Number,2012,5020.43939,5294.37537,4740.940729
Peru,Both,90 to 94,All causes,Number,2012,8998.49829,9334.256617,8662.624431
Peru,Male,<20 years,All causes,Number,2012,10847.84775,12046.72896,9672.50438
Peru,Female,<20 years,All causes,Number,2012,8046.664507,8910.128127,7229.962918
Peru,Both,<20 years,All causes,Number,2012,18894.51226,20940.446,16947.93961
Peru,Male,10 to 24,All causes,Number,2012,3526.902317,3843.75714,3241.677258
Peru,Female,10 to 24,All causes,Number,2012,2014.492422,2171.242323,1855.141997
Peru,Both,10 to 24,All causes,Number,2012,5541.394739,5882.313637,5206.713983
Peru,Male,10 to 54,All causes,Number,2012,17296.22122,19003.91374,15703.00362
Peru,Female,10 to 54,All causes,Number,2012,11061.52328,12091.89509,10046.6894
Peru,Both,10 to 54,All causes,Number,2012,28357.7445,30390.0372,26490.45539
Peru,Male,95 plus,All causes,Number,2012,2051.322795,2150.079554,1951.890669
Peru,Female,95 plus,All causes,Number,2012,2824.761284,2967.362265,2676.259446
Peru,Both,95 plus,All causes,Number,2012,4876.084079,5043.668777,4706.645378
Peru,Male,<70 years,All causes,Number,2012,39385.11364,42614.68298,36393.5916
Peru,Female,<70 years,All causes,Number,2012,28625.1585,30805.11885,26461.20939
Peru,Both,<70 years,All causes,Number,2012,68010.27214,71831.72857,64203.08597
Peru,Male,Under 5,All causes,Number,2015,7021.848491,8656.127623,5584.805853
Peru,Female,Under 5,All causes,Number,2015,5400.588672,6500.191026,4339.298726
Peru,Both,Under 5,All causes,Number,2015,12422.43716,15085.71701,9916.412102
Peru,Male,Early Neonatal,All causes,Number,2015,2607.284472,3397.768854,1926.580084
Peru,Female,Early Neonatal,All causes,Number,2015,1953.739755,2484.401191,1491.447803
Peru,Both,Early Neonatal,All causes,Number,2015,4561.024227,5894.096362,3423.453698
Peru,Male,Late Neonatal,All causes,Number,2015,471.2932046,645.4923786,341.8752993
Peru,Female,Late Neonatal,All causes,Number,2015,653.6256064,869.5308456,498.0265224
Peru,Both,Late Neonatal,All causes,Number,2015,1124.918811,1436.233385,861.0670042
Peru,Male,Post Neonatal,All causes,Number,2015,2474.696442,3275.315387,1830.973503
Peru,Female,Post Neonatal,All causes,Number,2015,1868.314226,2465.480954,1384.017536
Peru,Both,Post Neonatal,All causes,Number,2015,4343.010667,5726.897704,3210.362881
Peru,Male,1 to 4,All causes,Number,2015,1468.574373,1849.259409,1134.542744
Peru,Female,1 to 4,All causes,Number,2015,924.9090849,1148.747828,716.9777529
Peru,Both,1 to 4,All causes,Number,2015,2393.483458,2978.789882,1848.924766
Peru,Male,5 to 9,All causes,Number,2015,696.2242105,799.7813326,600.3208434
Peru,Female,5 to 9,All causes,Number,2015,508.3224316,571.1895531,448.0327222
Peru,Both,5 to 9,All causes,Number,2015,1204.546642,1368.659298,1047.703995
Peru,Male,10 to 14,All causes,Number,2015,539.7225356,593.7393553,493.2771837
Peru,Female,10 to 14,All causes,Number,2015,443.0718265,479.891059,406.7496968
Peru,Both,10 to 14,All causes,Number,2015,982.7943621,1064.85104,907.340732
Peru,Male,15 to 19,All causes,Number,2015,1041.143879,1167.907534,915.6236028
Peru,Female,15 to 19,All causes,Number,2015,616.5994748,680.9488792,554.5013767
Peru,Both,15 to 19,All causes,Number,2015,1657.743354,1797.287019,1507.01018
Peru,Male,20 to 24,All causes,Number,2015,1534.340156,1717.316032,1350.309868
Peru,Female,20 to 24,All causes,Number,2015,698.5475671,779.5477093,621.8658791
Peru,Both,20 to 24,All causes,Number,2015,2232.887723,2430.082128,2026.848074
Peru,Male,25 to 29,All causes,Number,2015,1720.757927,1913.238061,1525.068679
Peru,Female,25 to 29,All causes,Number,2015,787.3758396,884.0946814,695.7019408
Peru,Both,25 to 29,All causes,Number,2015,2508.133767,2712.594183,2284.166289
Peru,Male,30 to 34,All causes,Number,2015,1799.45137,2003.245373,1592.671442
Peru,Female,30 to 34,All causes,Number,2015,905.8026923,1017.066245,798.8078494
Peru,Both,30 to 34,All causes,Number,2015,2705.254062,2925.497719,2465.062776
Peru,Male,35 to 39,All causes,Number,2015,1930.193551,2172.33468,1689.003859
Peru,Female,35 to 39,All causes,Number,2015,1096.524013,1246.23735,951.6195899
Peru,Both,35 to 39,All causes,Number,2015,3026.717565,3294.054564,2732.77532
Peru,Male,40 to 44,All causes,Number,2015,2162.046203,2443.499012,1882.149388
Peru,Female,40 to 44,All causes,Number,2015,1458.696063,1644.102793,1278.061075
Peru,Both,40 to 44,All causes,Number,2015,3620.742266,3935.605472,3269.897435
Peru,Male,45 to 49,All causes,Number,2015,2509.831237,2842.20786,2179.381578
Peru,Female,45 to 49,All causes,Number,2015,1882.214296,2104.513448,1664.276819
Peru,Both,45 to 49,All causes,Number,2015,4392.045533,4767.160551,3976.509602
Peru,Male,50 to 54,All causes,Number,2015,3086.081871,3485.361842,2688.008344
Peru,Female,50 to 54,All causes,Number,2015,2335.189863,2597.893759,2076.57998
Peru,Both,50 to 54,All causes,Number,2015,5421.271734,5869.239357,4921.70141
Peru,Male,55 to 59,All causes,Number,2015,3567.246943,4004.228669,3129.679192
Peru,Female,55 to 59,All causes,Number,2015,2927.091653,3248.804168,2609.712478
Peru,Both,55 to 59,All causes,Number,2015,6494.338596,6998.359443,5931.603897
Peru,Male,60 to 64,All causes,Number,2015,4260.039894,4743.512108,3773.784195
Peru,Female,60 to 64,All causes,Number,2015,3541.925019,3919.370636,3168.459196
Peru,Both,60 to 64,All causes,Number,2015,7801.964913,8371.498028,7162.201285
Peru,Male,65 to 69,All causes,Number,2015,5226.470844,5808.781913,4640.014582
Peru,Female,65 to 69,All causes,Number,2015,4294.926594,4762.887489,3832.387903
Peru,Both,65 to 69,All causes,Number,2015,9521.397438,10221.39418,8737.983185
Peru,Male,70 to 74,All causes,Number,2015,6210.98062,6903.24137,5513.580851
Peru,Female,70 to 74,All causes,Number,2015,5122.776784,5700.626331,4552.978721
Peru,Both,70 to 74,All causes,Number,2015,11333.7574,12186.40371,10386.28423
Peru,Male,75 to 79,All causes,Number,2015,7623.950687,8448.212759,6791.693106
Peru,Female,75 to 79,All causes,Number,2015,6395.367122,7101.261693,5698.473224
Peru,Both,75 to 79,All causes,Number,2015,14019.31781,15049.77257,12875.94268
Peru,Male,80 plus,All causes,Number,2015,22539.88312,24354.09213,20674.58242
Peru,Female,80 plus,All causes,Number,2015,23795.43504,25761.8973,21806.85704
Peru,Both,80 plus,All causes,Number,2015,46335.31815,48919.16456,43494.45021
Peru,Male,All Ages,All causes,Number,2015,73470.21354,80571.47023,66465.82402
Peru,Female,All Ages,All causes,Number,2015,62210.45495,67965.00463,56523.25955
Peru,Both,All Ages,All causes,Number,2015,135680.6685,144887.0788,125951.9237
Peru,Male,5-14 years,All causes,Number,2015,1235.946746,1391.93229,1103.713855
Peru,Female,5-14 years,All causes,Number,2015,951.3942581,1037.621923,863.1729072
Peru,Both,5-14 years,All causes,Number,2015,2187.341004,2425.03739,1968.38327
Peru,Male,15-49 years,All causes,Number,2015,12697.76432,14257.0735,11124.33704
Peru,Female,15-49 years,All causes,Number,2015,7445.759946,8346.385393,6554.118268
Peru,Both,15-49 years,All causes,Number,2015,20143.52427,21883.44618,18273.56012
Peru,Male,50-69 years,All causes,Number,2015,16139.83955,18041.88453,14231.48631
Peru,Female,50-69 years,All causes,Number,2015,13099.13313,14528.95605,11687.13956
Peru,Both,50-69 years,All causes,Number,2015,29238.97268,31456.87214,26767.08324
Peru,Male,70+ years,All causes,Number,2015,36374.81443,39708.4072,32981.72997
Peru,Female,70+ years,All causes,Number,2015,35313.57894,38558.12139,32056.11176
Peru,Both,70+ years,All causes,Number,2015,71688.39337,76137.52813,66658.87408
Peru,Male,<1 year,All causes,Number,2015,5553.274118,6922.817351,4347.884702
Peru,Female,<1 year,All causes,Number,2015,4475.679587,5456.197352,3585.332405
Peru,Both,<1 year,All causes,Number,2015,10028.95371,12346.7114,7943.350845
Peru,Male,80 to 84,All causes,Number,2015,8423.192624,9218.357425,7612.637916
Peru,Female,80 to 84,All causes,Number,2015,7842.240686,8606.663281,7078.462873
Peru,Both,80 to 84,All causes,Number,2015,16265.43331,17314.83611,15075.00079
Peru,Male,85 to 89,All causes,Number,2015,7468.871325,8073.498752,6846.823441
Peru,Female,85 to 89,All causes,Number,2015,7694.408749,8335.642398,7046.787291
Peru,Both,85 to 89,All causes,Number,2015,15163.28007,16008.44115,14225.53049
Peru,Male,90 to 94,All causes,Number,2015,4425.482247,4709.141942,4127.807593
Peru,Female,90 to 94,All causes,Number,2015,5277.281291,5646.597257,4904.530476
Peru,Both,90 to 94,All causes,Number,2015,9702.763537,10159.66739,9214.604465
Peru,Male,<20 years,All causes,Number,2015,9298.939116,11120.51364,7664.281506
Peru,Female,<20 years,All causes,Number,2015,6968.582405,8175.1749,5821.708642
Peru,Both,<20 years,All causes,Number,2015,16267.52152,19242.18616,13552.52303
Peru,Male,10 to 24,All causes,Number,2015,3115.20657,3456.455432,2777.513902
Peru,Female,10 to 24,All causes,Number,2015,1758.218868,1938.894106,1586.884092
Peru,Both,10 to 24,All causes,Number,2015,4873.425438,5270.054633,4463.590486
Peru,Male,10 to 54,All causes,Number,2015,16323.56873,18309.34872,14331.62671
Peru,Female,10 to 54,All causes,Number,2015,10224.02164,11415.82272,9043.220151
Peru,Both,10 to 54,All causes,Number,2015,26547.59036,28748.2841,24134.68918
Peru,Male,95 plus,All causes,Number,2015,2222.336922,2356.271375,2080.379754
Peru,Female,95 plus,All causes,Number,2015,2981.50431,3174.991074,2782.090609
Peru,Both,95 plus,All causes,Number,2015,5203.841232,5437.799033,4951.669899
Peru,Male,<70 years,All causes,Number,2015,37095.39911,40973.7042,33373.86382
Peru,Female,<70 years,All causes,Number,2015,26896.87601,29638.03254,24269.3593
Peru,Both,<70 years,All causes,Number,2015,63992.27512,69373.94703,58985.26058
Peru,Male,Under 5,All causes,Number,2017,6532.026049,8666.671965,4875.596237
Peru,Female,Under 5,All causes,Number,2017,4970.313858,6367.968019,3866.044052
Peru,Both,Under 5,All causes,Number,2017,11502.33991,15043.52245,8742.0669
Peru,Male,Early Neonatal,All causes,Number,2017,2361.265595,3151.563476,1738.625149
Peru,Female,Early Neonatal,All causes,Number,2017,1742.253123,2242.407745,1343.487422
Peru,Both,Early Neonatal,All causes,Number,2017,4103.518718,5396.99997,3084.519043
Peru,Male,Late Neonatal,All causes,Number,2017,431.2366468,575.482738,317.7922253
Peru,Female,Late Neonatal,All causes,Number,2017,580.9140239,747.6069957,448.2918906
Peru,Both,Late Neonatal,All causes,Number,2017,1012.150671,1322.666854,766.9736114
Peru,Male,Post Neonatal,All causes,Number,2017,2341.28136,3114.713627,1742.445762
Peru,Female,Post Neonatal,All causes,Number,2017,1746.28218,2243.0539,1355.051408
Peru,Both,Post Neonatal,All causes,Number,2017,4087.56354,5363.348718,3097.645646
Peru,Male,1 to 4,All causes,Number,2017,1398.242448,1823.96852,1071.717441
Peru,Female,1 to 4,All causes,Number,2017,900.8645309,1133.863456,722.3820336
Peru,Both,1 to 4,All causes,Number,2017,2299.106979,2960.546816,1793.721757
Peru,Male,5 to 9,All causes,Number,2017,669.4141418,790.2007946,566.8205319
Peru,Female,5 to 9,All causes,Number,2017,500.0142259,566.5314564,442.8533761
Peru,Both,5 to 9,All causes,Number,2017,1169.428368,1356.732251,1009.705938
Peru,Male,10 to 14,All causes,Number,2017,521.9109119,591.4758456,456.8558113
Peru,Female,10 to 14,All causes,Number,2017,416.8025582,467.9844259,369.2868898
Peru,Both,10 to 14,All causes,Number,2017,938.7134701,1040.342188,849.0554252
Peru,Male,15 to 19,All causes,Number,2017,966.2523935,1163.683169,781.6370192
Peru,Female,15 to 19,All causes,Number,2017,569.2359402,678.4604979,470.5565781
Peru,Both,15 to 19,All causes,Number,2017,1535.488334,1770.0691,1335.467292
Peru,Male,20 to 24,All causes,Number,2017,1481.36567,1784.705594,1200.40153
Peru,Female,20 to 24,All causes,Number,2017,678.433556,822.6649276,550.4942123
Peru,Both,20 to 24,All causes,Number,2017,2159.799226,2490.309764,1864.00104
Peru,Male,25 to 29,All causes,Number,2017,1718.802394,2045.646739,1409.546516
Peru,Female,25 to 29,All causes,Number,2017,780.3058689,956.6276225,624.2640982
Peru,Both,25 to 29,All causes,Number,2017,2499.108263,2870.540525,2172.614688
Peru,Male,30 to 34,All causes,Number,2017,1797.601692,2144.766986,1469.91409
Peru,Female,30 to 34,All causes,Number,2017,884.2747139,1088.156735,705.2093432
Peru,Both,30 to 34,All causes,Number,2017,2681.876406,3080.767511,2326.38412
Peru,Male,35 to 39,All causes,Number,2017,1953.730399,2370.240106,1570.52367
Peru,Female,35 to 39,All causes,Number,2017,1129.054494,1428.73466,883.8288956
Peru,Both,35 to 39,All causes,Number,2017,3082.784892,3577.412529,2619.798824
Peru,Male,40 to 44,All causes,Number,2017,2180.556281,2663.722053,1737.758165
Peru,Female,40 to 44,All causes,Number,2017,1478.992948,1844.256952,1176.642794
Peru,Both,40 to 44,All causes,Number,2017,3659.549229,4249.257236,3112.845452
Peru,Male,45 to 49,All causes,Number,2017,2546.979745,3121.380415,2021.21829
Peru,Female,45 to 49,All causes,Number,2017,1909.139292,2347.702589,1542.457346
Peru,Both,45 to 49,All causes,Number,2017,4456.119037,5161.043324,3802.195775
Peru,Male,50 to 54,All causes,Number,2017,3181.368893,3881.205132,2537.721508
Peru,Female,50 to 54,All causes,Number,2017,2452.299365,2988.497505,2000.56661
Peru,Both,50 to 54,All causes,Number,2017,5633.668258,6495.288592,4832.792288
Peru,Male,55 to 59,All causes,Number,2017,3733.472084,4509.67352,3013.878781
Peru,Female,55 to 59,All causes,Number,2017,3030.913856,3677.728598,2483.92239
Peru,Both,55 to 59,All causes,Number,2017,6764.38594,7738.646152,5846.504993
Peru,Male,60 to 64,All causes,Number,2017,4519.762209,5387.163158,3707.7661
Peru,Female,60 to 64,All causes,Number,2017,3739.266481,4512.530606,3082.791756
Peru,Both,60 to 64,All causes,Number,2017,8259.02869,9395.364195,7202.211906
Peru,Male,65 to 69,All causes,Number,2017,5523.772765,6563.502557,4547.750403
Peru,Female,65 to 69,All causes,Number,2017,4517.666929,5472.645478,3708.342245
Peru,Both,65 to 69,All causes,Number,2017,10041.43969,11421.30391,8762.687608
Peru,Male,70 to 74,All causes,Number,2017,6595.83049,7836.562675,5428.864387
Peru,Female,70 to 74,All causes,Number,2017,5393.192633,6572.20725,4396.18615
Peru,Both,70 to 74,All causes,Number,2017,11989.02312,13648.66272,10444.90307
Peru,Male,75 to 79,All causes,Number,2017,7994.954755,9452.420823,6615.435288
Peru,Female,75 to 79,All causes,Number,2017,6602.552601,8013.221931,5403.781181
Peru,Both,75 to 79,All causes,Number,2017,14597.50736,16569.46687,12762.72067
Peru,Male,80 plus,All causes,Number,2017,24620.21876,27904.85834,21397.56676
Peru,Female,80 plus,All causes,Number,2017,26168.07717,30269.21891,22546.13878
Peru,Both,80 plus,All causes,Number,2017,50788.29593,55951.25663,45981.38363
Peru,Male,All Ages,All causes,Number,2017,76538.01963,88842.02424,65027.40072
Peru,Female,All Ages,All causes,Number,2017,65220.53649,76573.85696,54968.35153
Peru,Both,All Ages,All causes,Number,2017,141758.5561,157908.1642,126715.1603
Peru,Male,5-14 years,All causes,Number,2017,1191.325054,1361.016695,1038.040237
Peru,Female,5-14 years,All causes,Number,2017,916.8167841,1019.061057,822.8102655
Peru,Both,5-14 years,All causes,Number,2017,2108.141838,2366.95809,1877.796811
Peru,Male,15-49 years,All causes,Number,2017,12645.28857,15301.98113,10169.20723
Peru,Female,15-49 years,All causes,Number,2017,7429.436812,9157.09617,5950.010981
Peru,Both,15-49 years,All causes,Number,2017,20074.72539,23137.7169,17265.95306
Peru,Male,50-69 years,All causes,Number,2017,16958.37595,20341.54437,13807.11679
Peru,Female,50-69 years,All causes,Number,2017,13740.14663,16651.40219,11275.623
Peru,Both,50-69 years,All causes,Number,2017,30698.52258,35046.42388,26642.16986
Peru,Male,70+ years,All causes,Number,2017,39211.004,45193.42981,33441.82457
Peru,Female,70+ years,All causes,Number,2017,38163.82241,44854.64809,32357.04179
Peru,Both,70+ years,All causes,Number,2017,77374.82641,86277.23106,69171.85826
Peru,Male,<1 year,All causes,Number,2017,5133.783601,6841.294601,3800.582878
Peru,Female,<1 year,All causes,Number,2017,4069.449327,5234.317607,3148.324005
Peru,Both,<1 year,All causes,Number,2017,9203.232928,12078.54862,6948.646
Peru,Male,80 to 84,All causes,Number,2017,8651.721854,10018.87893,7330.415838
Peru,Female,80 to 84,All causes,Number,2017,8026.367065,9531.831619,6723.383488
Peru,Both,80 to 84,All causes,Number,2017,16678.08892,18700.93437,14827.53478
Peru,Male,85 to 89,All causes,Number,2017,8305.064472,9424.155588,7201.974134
Peru,Female,85 to 89,All causes,Number,2017,8544.117983,9904.856564,7334.486316
Peru,Both,85 to 89,All causes,Number,2017,16849.18246,18589.36122,15231.21623
Peru,Male,90 to 94,All causes,Number,2017,5147.764907,5697.641843,4603.075342
Peru,Female,90 to 94,All causes,Number,2017,6130.550484,6934.161522,5400.045651
Peru,Both,90 to 94,All causes,Number,2017,11278.31539,12216.08619,10373.95894
Peru,Male,<20 years,All causes,Number,2017,8689.603496,10945.41376,6860.014414
Peru,Female,<20 years,All causes,Number,2017,6456.366582,7912.786115,5260.909441
Peru,Both,<20 years,All causes,Number,2017,15145.97008,18803.74884,12144.69369
Peru,Male,10 to 24,All causes,Number,2017,2969.528975,3524.313724,2467.356394
Peru,Female,10 to 24,All causes,Number,2017,1664.472054,1966.158536,1394.801319
Peru,Both,10 to 24,All causes,Number,2017,4634.00103,5271.351824,4064.308336
Peru,Male,10 to 54,All causes,Number,2017,16348.56838,19716.76357,13182.94527
Peru,Female,10 to 54,All causes,Number,2017,10298.53874,12603.42138,8311.482166
Peru,Both,10 to 54,All causes,Number,2017,26647.10712,30627.42062,22996.69211
Peru,Male,95 plus,All causes,Number,2017,2515.667524,2767.819272,2262.101442
Peru,Female,95 plus,All causes,Number,2017,3467.041642,3893.253598,3078.612201
Peru,Both,95 plus,All causes,Number,2017,5982.709165,6470.130388,5513.130656
Peru,Male,<70 years,All causes,Number,2017,37327.01563,43986.57168,31433.50982
Peru,Female,<70 years,All causes,Number,2017,27056.71409,31709.26346,22814.09662
Peru,Both,<70 years,All causes,Number,2017,64383.72971,72480.19675,56544.43301
Peru,Male,Under 5,All causes,Number,2016,6851.555532,8851.576266,5216.595493
Peru,Female,Under 5,All causes,Number,2016,5237.126736,6562.381682,4129.976134
Peru,Both,Under 5,All causes,Number,2016,12088.68227,15422.12474,9329.963683
Peru,Male,Early Neonatal,All causes,Number,2016,2502.90278,3317.040764,1820.898567
Peru,Female,Early Neonatal,All causes,Number,2016,1859.553534,2376.234409,1424.903855
Peru,Both,Early Neonatal,All causes,Number,2016,4362.456314,5678.979692,3247.837539
Peru,Male,Late Neonatal,All causes,Number,2016,452.7100168,621.3778723,324.6180934
Peru,Female,Late Neonatal,All causes,Number,2016,620.0486156,827.4268759,462.0271803
Peru,Both,Late Neonatal,All causes,Number,2016,1072.758632,1420.396537,807.6298157
Peru,Male,Post Neonatal,All causes,Number,2016,2435.118612,3251.067783,1809.710614
Peru,Female,Post Neonatal,All causes,Number,2016,1826.428066,2403.690253,1369.246548
Peru,Both,Post Neonatal,All causes,Number,2016,4261.546678,5606.132396,3196.277428
Peru,Male,1 to 4,All causes,Number,2016,1460.824123,1894.515891,1099.976452
Peru,Female,1 to 4,All causes,Number,2016,931.0965209,1188.255525,719.1088605
Peru,Both,1 to 4,All causes,Number,2016,2391.920644,3084.716323,1819.70583
Peru,Male,5 to 9,All causes,Number,2016,698.7194544,817.2832112,593.0468971
Peru,Female,5 to 9,All causes,Number,2016,496.0639382,561.6943028,436.5242061
Peru,Both,5 to 9,All causes,Number,2016,1194.783393,1378.661649,1029.745601
Peru,Male,10 to 14,All causes,Number,2016,535.1728063,601.8633881,477.8523595
Peru,Female,10 to 14,All causes,Number,2016,441.7437607,486.2565572,398.7438767
Peru,Both,10 to 14,All causes,Number,2016,976.916567,1069.552981,891.1753069
Peru,Male,15 to 19,All causes,Number,2016,1008.186455,1177.643955,854.5560932
Peru,Female,15 to 19,All causes,Number,2016,594.901072,683.0811843,514.244486
Peru,Both,15 to 19,All causes,Number,2016,1603.087527,1800.729566,1423.624926
Peru,Male,20 to 24,All causes,Number,2016,1507.491594,1751.613155,1280.258709
Peru,Female,20 to 24,All causes,Number,2016,685.8690958,798.1299208,583.525568
Peru,Both,20 to 24,All causes,Number,2016,2193.36069,2466.340154,1931.541195
Peru,Male,25 to 29,All causes,Number,2016,1715.783486,1975.165107,1471.352977
Peru,Female,25 to 29,All causes,Number,2016,794.8379892,933.346812,670.3609248
Peru,Both,25 to 29,All causes,Number,2016,2510.621475,2806.963571,2223.392157
Peru,Male,30 to 34,All causes,Number,2016,1788.108067,2062.415113,1531.38878
Peru,Female,30 to 34,All causes,Number,2016,903.8177332,1063.848421,761.0961216
Peru,Both,30 to 34,All causes,Number,2016,2691.9258,3006.875022,2386.456756
Peru,Male,35 to 39,All causes,Number,2016,1941.135366,2267.669747,1636.698535
Peru,Female,35 to 39,All causes,Number,2016,1103.728715,1324.366886,909.6188184
Peru,Both,35 to 39,All causes,Number,2016,3044.864081,3427.855126,2670.818074
Peru,Male,40 to 44,All causes,Number,2016,2163.913436,2542.312776,1812.81499
Peru,Female,40 to 44,All causes,Number,2016,1478.327902,1753.106261,1234.313451
Peru,Both,40 to 44,All causes,Number,2016,3642.241338,4095.477632,3197.584128
Peru,Male,45 to 49,All causes,Number,2016,2522.224222,2971.308976,2106.633487
Peru,Female,45 to 49,All causes,Number,2016,1898.172589,2225.89119,1604.57407
Peru,Both,45 to 49,All causes,Number,2016,4420.396811,4959.779055,3893.617086
Peru,Male,50 to 54,All causes,Number,2016,3132.371127,3676.728763,2626.936073
Peru,Female,50 to 54,All causes,Number,2016,2348.107564,2734.046645,2000.117572
Peru,Both,50 to 54,All causes,Number,2016,5480.478692,6129.877521,4841.359846
Peru,Male,55 to 59,All causes,Number,2016,3655.195413,4255.365006,3093.952368
Peru,Female,55 to 59,All causes,Number,2016,2979.530877,3457.537322,2547.057551
Peru,Both,55 to 59,All causes,Number,2016,6634.726291,7375.560958,5891.599705
Peru,Male,60 to 64,All causes,Number,2016,4389.372491,5054.730316,3760.990466
Peru,Female,60 to 64,All causes,Number,2016,3616.032725,4178.545902,3105.243599
Peru,Both,60 to 64,All causes,Number,2016,8005.405216,8845.449501,7148.27423
Peru,Male,65 to 69,All causes,Number,2016,5347.201601,6142.011448,4594.201219
Peru,Female,65 to 69,All causes,Number,2016,4385.585282,5083.194035,3753.028738
Peru,Both,65 to 69,All causes,Number,2016,9732.786883,10754.36069,8692.37543
Peru,Male,70 to 74,All causes,Number,2016,6348.729736,7292.011365,5453.732331
Peru,Female,70 to 74,All causes,Number,2016,5226.241487,6087.275766,4447.903877
Peru,Both,70 to 74,All causes,Number,2016,11574.97122,12813.73812,10315.73644
Peru,Male,75 to 79,All causes,Number,2016,7858.359263,8988.067883,6780.31687
Peru,Female,75 to 79,All causes,Number,2016,6549.220765,7604.965161,5591.777047
Peru,Both,75 to 79,All causes,Number,2016,14407.58003,15913.66556,12884.10311
Peru,Male,80 plus,All causes,Number,2016,23397.42697,25863.94194,20957.28662
Peru,Female,80 plus,All causes,Number,2016,24594.09511,27515.25352,21847.92817
Peru,Both,80 plus,All causes,Number,2016,47991.52209,51743.27178,44220.35964
Peru,Male,All Ages,All causes,Number,2016,74860.94702,84868.35992,65773.6251
Peru,Female,All Ages,All causes,Number,2016,63333.40334,71861.25998,55577.3939
Peru,Both,All Ages,All causes,Number,2016,138194.3504,151369.4637,126164.7369
Peru,Male,5-14 years,All causes,Number,2016,1233.892261,1413.047458,1078.765062
Peru,Female,5-14 years,All causes,Number,2016,937.807699,1033.001394,847.0009912
Peru,Both,5-14 years,All causes,Number,2016,2171.69996,2434.414163,1938.958212
Peru,Male,15-49 years,All causes,Number,2016,12646.84263,14744.02777,10699.47108
Peru,Female,15-49 years,All causes,Number,2016,7459.655096,8791.770653,6275.504895
Peru,Both,15-49 years,All causes,Number,2016,20106.49772,22554.88073,17731.68702
Peru,Male,50-69 years,All causes,Number,2016,16524.14063,19128.83553,14076.0478
Peru,Female,50-69 years,All causes,Number,2016,13329.25645,15453.3239,11406.06537
Peru,Both,50-69 years,All causes,Number,2016,29853.39708,33097.99863,26578.86706
Peru,Male,70+ years,All causes,Number,2016,37604.51597,42148.37297,33191.75542
Peru,Female,70+ years,All causes,Number,2016,36369.55736,41209.98402,31887.60909
Peru,Both,70+ years,All causes,Number,2016,73974.07334,80379.05162,67490.52687
Peru,Male,<1 year,All causes,Number,2016,5390.731409,6981.511891,4057.814777
Peru,Female,<1 year,All causes,Number,2016,4306.030215,5412.456532,3374.358731
Peru,Both,<1 year,All causes,Number,2016,9696.761624,12383.31312,7427.286504
Peru,Male,80 to 84,All causes,Number,2016,8462.321553,9515.772703,7435.397595
Peru,Female,80 to 84,All causes,Number,2016,7806.877383,8913.097978,6786.542183
Peru,Both,80 to 84,All causes,Number,2016,16269.19894,17744.37171,14771.91096
Peru,Male,85 to 89,All causes,Number,2016,7838.653833,8659.074066,7015.030054
Peru,Female,85 to 89,All causes,Number,2016,8125.688085,9096.419145,7205.268185
Peru,Both,85 to 89,All causes,Number,2016,15964.34192,17217.95079,14690.73298
Peru,Male,90 to 94,All causes,Number,2016,4756.752292,5157.764293,4357.869522
Peru,Female,90 to 94,All causes,Number,2016,5538.155518,6090.395862,5010.683226
Peru,Both,90 to 94,All causes,Number,2016,10294.90781,10949.15297,9619.709731
Peru,Male,<20 years,All causes,Number,2016,9093.634248,11250.19743,7275.82978
Peru,Female,<20 years,All causes,Number,2016,6769.835507,8174.869219,5540.237859
Peru,Both,<20 years,All causes,Number,2016,15863.46975,19440.20035,12804.9595
Peru,Male,10 to 24,All causes,Number,2016,3050.850855,3523.423471,2631.088341
Peru,Female,10 to 24,All causes,Number,2016,1722.513929,1965.519336,1495.585154
Peru,Both,10 to 24,All causes,Number,2016,4773.364783,5328.333884,4280.452225
Peru,Male,10 to 54,All causes,Number,2016,16314.38656,18993.53283,13828.94811
Peru,Female,10 to 54,All causes,Number,2016,10249.50642,12010.12835,8677.521769
Peru,Both,10 to 54,All causes,Number,2016,26563.89298,29722.88553,23510.66549
Peru,Male,95 plus,All causes,Number,2016,2339.699297,2524.845155,2152.822653
Peru,Female,95 plus,All causes,Number,2016,3123.374126,3416.423939,2838.626248
Peru,Both,95 plus,All causes,Number,2016,5463.073422,5806.609027,5115.334623
Peru,Male,<70 years,All causes,Number,2016,37256.43105,42569.54629,32439.74734
Peru,Female,<70 years,All causes,Number,2016,26963.84598,30610.48536,23568.03361
Peru,Both,<70 years,All causes,Number,2016,64220.27703,71632.16825,57738.79299
